<?xml version="1.0" encoding="utf-8" ?><dwsync><file name="jasmine-html.js" server="MAC OSX/Applications/XAMPP/xamppfiles/htdocs/travelfaq/" local="3485921770" remote="318763443878818282" Dst="-1" /><file name="jasmine.css" server="MAC OSX/Applications/XAMPP/xamppfiles/htdocs/travelfaq/" local="3485921770" remote="318763443878818282" Dst="-1" /><file name="jasmine.js" server="MAC OSX/Applications/XAMPP/xamppfiles/htdocs/travelfaq/" local="3485921770" remote="318763443878818282" Dst="-1" /><file name="MIT.LICENSE" server="MAC OSX/Applications/XAMPP/xamppfiles/htdocs/travelfaq/" local="3485921770" remote="318763443878818282" Dst="-1" /><file name="jasmine-html.js" server="MAC OSX/Users/johnraymundniconi/github/FAQTravel/" local="3485921770" remote="318763443878818282" Dst="-1" /><file name="jasmine.css" server="MAC OSX/Users/johnraymundniconi/github/FAQTravel/" local="3485921770" remote="318763443878818282" Dst="-1" /><file name="jasmine.js" server="MAC OSX/Users/johnraymundniconi/github/FAQTravel/" local="3485921770" remote="318763443878818282" Dst="-1" /><file name="MIT.LICENSE" server="MAC OSX/Users/johnraymundniconi/github/FAQTravel/" local="3485921770" remote="318763443878818282" Dst="-1" /></dwsync>