<?xml version="1.0" encoding="utf-8" ?><dwsync><file name=".DS_Store" server="MAC OSX/Users/johnraymundniconi/github/FAQTravel/" local="3543081145" remote="318763443935977657" Dst="-1" /><file name="ad.png" server="MAC OSX/Users/johnraymundniconi/github/FAQTravel/" local="3264807506" remote="318763443657704018" Dst="-1" /><file name="ae.png" server="MAC OSX/Users/johnraymundniconi/github/FAQTravel/" local="3264807666" remote="318763443657704178" Dst="-1" /><file name="af.png" server="MAC OSX/Users/johnraymundniconi/github/FAQTravel/" local="3264807502" remote="318763443657704014" Dst="-1" /><file name="ag.png" server="MAC OSX/Users/johnraymundniconi/github/FAQTravel/" local="3264807508" remote="318763443657704020" Dst="-1" /><file name="ai.png" server="MAC OSX/Users/johnraymundniconi/github/FAQTravel/" local="3265073964" remote="318763443657970476" Dst="-1" /><file name="al.png" server="MAC OSX/Users/johnraymundniconi/github/FAQTravel/" local="3264807504" remote="318763443657704016" Dst="-1" /><file name="am.png" server="MAC OSX/Users/johnraymundniconi/github/FAQTravel/" local="3264807510" remote="318763443657704022" Dst="-1" /><file name="an.png" server="MAC OSX/Users/johnraymundniconi/github/FAQTravel/" local="3274940900" remote="318763443667837412" Dst="-1" /><file name="ao.png" server="MAC OSX/Users/johnraymundniconi/github/FAQTravel/" local="3264807506" remote="318763443657704018" Dst="-1" /><file name="aq.png" server="MAC OSX/Users/johnraymundniconi/github/FAQTravel/" local="3264807506" remote="318763443657704018" Dst="-1" /><file name="ar.png" server="MAC OSX/Users/johnraymundniconi/github/FAQTravel/" local="3264807508" remote="318763443657704020" Dst="-1" /><file name="as.png" server="MAC OSX/Users/johnraymundniconi/github/FAQTravel/" local="3264807504" remote="318763443657704016" Dst="-1" /><file name="at.png" server="MAC OSX/Users/johnraymundniconi/github/FAQTravel/" local="3264807512" remote="318763443657704024" Dst="-1" /><file name="au.png" server="MAC OSX/Users/johnraymundniconi/github/FAQTravel/" local="3265073640" remote="318763443657970152" Dst="-1" /><file name="aw.png" server="MAC OSX/Users/johnraymundniconi/github/FAQTravel/" local="3264807510" remote="318763443657704022" Dst="-1" /><file name="az.png" server="MAC OSX/Users/johnraymundniconi/github/FAQTravel/" local="3264807512" remote="318763443657704024" Dst="-1" /><file name="ba.png" server="MAC OSX/Users/johnraymundniconi/github/FAQTravel/" local="3264807518" remote="318763443657704030" Dst="-1" /><file name="bb.png" server="MAC OSX/Users/johnraymundniconi/github/FAQTravel/" local="3264807514" remote="318763443657704026" Dst="-1" /><file name="bd.png" server="MAC OSX/Users/johnraymundniconi/github/FAQTravel/" local="3264807514" remote="318763443657704026" Dst="-1" /><file name="be.png" server="MAC OSX/Users/johnraymundniconi/github/FAQTravel/" local="3264807514" remote="318763443657704026" Dst="-1" /><file name="bf.png" server="MAC OSX/Users/johnraymundniconi/github/FAQTravel/" local="3264807520" remote="318763443657704032" Dst="-1" /><file name="bg.png" server="MAC OSX/Users/johnraymundniconi/github/FAQTravel/" local="3264807520" remote="318763443657704032" Dst="-1" /><file name="bh.png" server="MAC OSX/Users/johnraymundniconi/github/FAQTravel/" local="3264807512" remote="318763443657704024" Dst="-1" /><file name="bi.png" server="MAC OSX/Users/johnraymundniconi/github/FAQTravel/" local="3264807520" remote="318763443657704032" Dst="-1" /><file name="bj.png" server="MAC OSX/Users/johnraymundniconi/github/FAQTravel/" local="3264807516" remote="318763443657704028" Dst="-1" /><file name="bm.png" server="MAC OSX/Users/johnraymundniconi/github/FAQTravel/" local="3274940234" remote="318763443667836746" Dst="-1" /><file name="bn.png" server="MAC OSX/Users/johnraymundniconi/github/FAQTravel/" local="3264807520" remote="318763443657704032" Dst="-1" /><file name="bo.png" server="MAC OSX/Users/johnraymundniconi/github/FAQTravel/" local="3264807518" remote="318763443657704030" Dst="-1" /><file name="br.png" server="MAC OSX/Users/johnraymundniconi/github/FAQTravel/" local="3264807518" remote="318763443657704030" Dst="-1" /><file name="bs.png" server="MAC OSX/Users/johnraymundniconi/github/FAQTravel/" local="3264807512" remote="318763443657704024" Dst="-1" /><file name="bt.png" server="MAC OSX/Users/johnraymundniconi/github/FAQTravel/" local="3264807516" remote="318763443657704028" Dst="-1" /><file name="bw.png" server="MAC OSX/Users/johnraymundniconi/github/FAQTravel/" local="3264807518" remote="318763443657704030" Dst="-1" /><file name="by.png" server="MAC OSX/Users/johnraymundniconi/github/FAQTravel/" local="3264807514" remote="318763443657704026" Dst="-1" /><file name="bz.png" server="MAC OSX/Users/johnraymundniconi/github/FAQTravel/" local="3264807516" remote="318763443657704028" Dst="-1" /><file name="ca.png" server="MAC OSX/Users/johnraymundniconi/github/FAQTravel/" local="3264807522" remote="318763443657704034" Dst="-1" /><file name="cd.png" server="MAC OSX/Users/johnraymundniconi/github/FAQTravel/" local="3264807528" remote="318763443657704040" Dst="-1" /><file name="cf.png" server="MAC OSX/Users/johnraymundniconi/github/FAQTravel/" local="3264807524" remote="318763443657704036" Dst="-1" /><file name="cg.png" server="MAC OSX/Users/johnraymundniconi/github/FAQTravel/" local="3264807528" remote="318763443657704040" Dst="-1" /><file name="ch.png" server="MAC OSX/Users/johnraymundniconi/github/FAQTravel/" local="3264807620" remote="318763443657704132" Dst="-1" /><file name="ci.png" server="MAC OSX/Users/johnraymundniconi/github/FAQTravel/" local="3264807530" remote="318763443657704042" Dst="-1" /><file name="ck.png" server="MAC OSX/Users/johnraymundniconi/github/FAQTravel/" local="3274940290" remote="318763443667836802" Dst="-1" /><file name="cl.png" server="MAC OSX/Users/johnraymundniconi/github/FAQTravel/" local="3264807524" remote="318763443657704036" Dst="-1" /><file name="cm.png" server="MAC OSX/Users/johnraymundniconi/github/FAQTravel/" local="3264807522" remote="318763443657704034" Dst="-1" /><file name="cn.png" server="MAC OSX/Users/johnraymundniconi/github/FAQTravel/" local="3264807526" remote="318763443657704038" Dst="-1" /><file name="co.png" server="MAC OSX/Users/johnraymundniconi/github/FAQTravel/" local="3264807526" remote="318763443657704038" Dst="-1" /><file name="cr.png" server="MAC OSX/Users/johnraymundniconi/github/FAQTravel/" local="3264807530" remote="318763443657704042" Dst="-1" /><file name="cu.png" server="MAC OSX/Users/johnraymundniconi/github/FAQTravel/" local="3264807532" remote="318763443657704044" Dst="-1" /><file name="cv.png" server="MAC OSX/Users/johnraymundniconi/github/FAQTravel/" local="3264807522" remote="318763443657704034" Dst="-1" /><file name="cy.png" server="MAC OSX/Users/johnraymundniconi/github/FAQTravel/" local="3264807532" remote="318763443657704044" Dst="-1" /><file name="cz.png" server="MAC OSX/Users/johnraymundniconi/github/FAQTravel/" local="3264807532" remote="318763443657704044" Dst="-1" /><file name="de.png" server="MAC OSX/Users/johnraymundniconi/github/FAQTravel/" local="3264807544" remote="318763443657704056" Dst="-1" /><file name="dj.png" server="MAC OSX/Users/johnraymundniconi/github/FAQTravel/" local="3264807534" remote="318763443657704046" Dst="-1" /><file name="dk.png" server="MAC OSX/Users/johnraymundniconi/github/FAQTravel/" local="3264807532" remote="318763443657704044" Dst="-1" /><file name="dm.png" server="MAC OSX/Users/johnraymundniconi/github/FAQTravel/" local="3264807534" remote="318763443657704046" Dst="-1" /><file name="do.png" server="MAC OSX/Users/johnraymundniconi/github/FAQTravel/" local="3264807534" remote="318763443657704046" Dst="-1" /><file name="dz.png" server="MAC OSX/Users/johnraymundniconi/github/FAQTravel/" local="3264807504" remote="318763443657704016" Dst="-1" /><file name="ec.png" server="MAC OSX/Users/johnraymundniconi/github/FAQTravel/" local="3264807536" remote="318763443657704048" Dst="-1" /><file name="ee.png" server="MAC OSX/Users/johnraymundniconi/github/FAQTravel/" local="3264807538" remote="318763443657704050" Dst="-1" /><file name="eg.png" server="MAC OSX/Users/johnraymundniconi/github/FAQTravel/" local="3264807536" remote="318763443657704048" Dst="-1" /><file name="eh.png" server="MAC OSX/Users/johnraymundniconi/github/FAQTravel/" local="3264807674" remote="318763443657704186" Dst="-1" /><file name="er.png" server="MAC OSX/Users/johnraymundniconi/github/FAQTravel/" local="3264807538" remote="318763443657704050" Dst="-1" /><file name="es.png" server="MAC OSX/Users/johnraymundniconi/github/FAQTravel/" local="3264807616" remote="318763443657704128" Dst="-1" /><file name="et.png" server="MAC OSX/Users/johnraymundniconi/github/FAQTravel/" local="3264807540" remote="318763443657704052" Dst="-1" /><file name="fi.png" server="MAC OSX/Users/johnraymundniconi/github/FAQTravel/" local="3264807542" remote="318763443657704054" Dst="-1" /><file name="fj.png" server="MAC OSX/Users/johnraymundniconi/github/FAQTravel/" local="3264807540" remote="318763443657704052" Dst="-1" /><file name="fm.png" server="MAC OSX/Users/johnraymundniconi/github/FAQTravel/" local="3264807578" remote="318763443657704090" Dst="-1" /><file name="fo.png" server="MAC OSX/Users/johnraymundniconi/github/FAQTravel/" local="3264807540" remote="318763443657704052" Dst="-1" /><file name="fr.png" server="MAC OSX/Users/johnraymundniconi/github/FAQTravel/" local="3264807542" remote="318763443657704054" Dst="-1" /><file name="ga.png" server="MAC OSX/Users/johnraymundniconi/github/FAQTravel/" local="3264807542" remote="318763443657704054" Dst="-1" /><file name="gb.png" server="MAC OSX/Users/johnraymundniconi/github/FAQTravel/" local="3264807666" remote="318763443657704178" Dst="-1" /><file name="gd.png" server="MAC OSX/Users/johnraymundniconi/github/FAQTravel/" local="3264807546" remote="318763443657704058" Dst="-1" /><file name="ge.png" server="MAC OSX/Users/johnraymundniconi/github/FAQTravel/" local="3264807544" remote="318763443657704056" Dst="-1" /><file name="gg.png" server="MAC OSX/Users/johnraymundniconi/github/FAQTravel/" local="3299060400" remote="318763443691956912" Dst="-1" /><file name="gh.png" server="MAC OSX/Users/johnraymundniconi/github/FAQTravel/" local="3264807544" remote="318763443657704056" Dst="-1" /><file name="gi.png" server="MAC OSX/Users/johnraymundniconi/github/FAQTravel/" local="3274940374" remote="318763443667836886" Dst="-1" /><file name="gl.png" server="MAC OSX/Users/johnraymundniconi/github/FAQTravel/" local="3291493870" remote="318763443684390382" Dst="-1" /><file name="gm.png" server="MAC OSX/Users/johnraymundniconi/github/FAQTravel/" local="3264807544" remote="318763443657704056" Dst="-1" /><file name="gn.png" server="MAC OSX/Users/johnraymundniconi/github/FAQTravel/" local="3264807546" remote="318763443657704058" Dst="-1" /><file name="gp.png" server="MAC OSX/Users/johnraymundniconi/github/FAQTravel/" local="3291494164" remote="318763443684390676" Dst="-1" /><file name="gq.png" server="MAC OSX/Users/johnraymundniconi/github/FAQTravel/" local="3264807538" remote="318763443657704050" Dst="-1" /><file name="gr.png" server="MAC OSX/Users/johnraymundniconi/github/FAQTravel/" local="3264807546" remote="318763443657704058" Dst="-1" /><file name="gt.png" server="MAC OSX/Users/johnraymundniconi/github/FAQTravel/" local="3264807546" remote="318763443657704058" Dst="-1" /><file name="gu.png" server="MAC OSX/Users/johnraymundniconi/github/FAQTravel/" local="3274940386" remote="318763443667836898" Dst="-1" /><file name="gw.png" server="MAC OSX/Users/johnraymundniconi/github/FAQTravel/" local="3264807548" remote="318763443657704060" Dst="-1" /><file name="gy.png" server="MAC OSX/Users/johnraymundniconi/github/FAQTravel/" local="3264807548" remote="318763443657704060" Dst="-1" /><file name="hk.png" server="MAC OSX/Users/johnraymundniconi/github/FAQTravel/" local="3264807550" remote="318763443657704062" Dst="-1" /><file name="hn.png" server="MAC OSX/Users/johnraymundniconi/github/FAQTravel/" local="3264807550" remote="318763443657704062" Dst="-1" /><file name="hr.png" server="MAC OSX/Users/johnraymundniconi/github/FAQTravel/" local="3264807530" remote="318763443657704042" Dst="-1" /><file name="ht.png" server="MAC OSX/Users/johnraymundniconi/github/FAQTravel/" local="3264807550" remote="318763443657704062" Dst="-1" /><file name="hu.png" server="MAC OSX/Users/johnraymundniconi/github/FAQTravel/" local="3264807552" remote="318763443657704064" Dst="-1" /><file name="id.png" server="MAC OSX/Users/johnraymundniconi/github/FAQTravel/" local="3264807554" remote="318763443657704066" Dst="-1" /><file name="ie.png" server="MAC OSX/Users/johnraymundniconi/github/FAQTravel/" local="3264807556" remote="318763443657704068" Dst="-1" /><file name="il.png" server="MAC OSX/Users/johnraymundniconi/github/FAQTravel/" local="3264807556" remote="318763443657704068" Dst="-1" /><file name="im.png" server="MAC OSX/Users/johnraymundniconi/github/FAQTravel/" local="3308475152" remote="318763443701371664" Dst="-1" /><file name="in.png" server="MAC OSX/Users/johnraymundniconi/github/FAQTravel/" local="3264807552" remote="318763443657704064" Dst="-1" /><file name="iq.png" server="MAC OSX/Users/johnraymundniconi/github/FAQTravel/" local="3264807554" remote="318763443657704066" Dst="-1" /><file name="ir.png" server="MAC OSX/Users/johnraymundniconi/github/FAQTravel/" local="3264807554" remote="318763443657704066" Dst="-1" /><file name="is.png" server="MAC OSX/Users/johnraymundniconi/github/FAQTravel/" local="3264807552" remote="318763443657704064" Dst="-1" /><file name="it.png" server="MAC OSX/Users/johnraymundniconi/github/FAQTravel/" local="3264807558" remote="318763443657704070" Dst="-1" /><file name="je.png" server="MAC OSX/Users/johnraymundniconi/github/FAQTravel/" local="3274940842" remote="318763443667837354" Dst="-1" /><file name="jm.png" server="MAC OSX/Users/johnraymundniconi/github/FAQTravel/" local="3264807558" remote="318763443657704070" Dst="-1" /><file name="jo.png" server="MAC OSX/Users/johnraymundniconi/github/FAQTravel/" local="3264807560" remote="318763443657704072" Dst="-1" /><file name="jp.png" server="MAC OSX/Users/johnraymundniconi/github/FAQTravel/" local="3264807558" remote="318763443657704070" Dst="-1" /><file name="ke.png" server="MAC OSX/Users/johnraymundniconi/github/FAQTravel/" local="3265101892" remote="318763443657998404" Dst="-1" /><file name="kg.png" server="MAC OSX/Users/johnraymundniconi/github/FAQTravel/" local="3264807562" remote="318763443657704074" Dst="-1" /><file name="kh.png" server="MAC OSX/Users/johnraymundniconi/github/FAQTravel/" local="3264807522" remote="318763443657704034" Dst="-1" /><file name="ki.png" server="MAC OSX/Users/johnraymundniconi/github/FAQTravel/" local="3264807562" remote="318763443657704074" Dst="-1" /><file name="km.png" server="MAC OSX/Users/johnraymundniconi/github/FAQTravel/" local="3264807528" remote="318763443657704040" Dst="-1" /><file name="kn.png" server="MAC OSX/Users/johnraymundniconi/github/FAQTravel/" local="3264807616" remote="318763443657704128" Dst="-1" /><file name="kp.png" server="MAC OSX/Users/johnraymundniconi/github/FAQTravel/" local="3264807588" remote="318763443657704100" Dst="-1" /><file name="kr.png" server="MAC OSX/Users/johnraymundniconi/github/FAQTravel/" local="3264807614" remote="318763443657704126" Dst="-1" /><file name="kw.png" server="MAC OSX/Users/johnraymundniconi/github/FAQTravel/" local="3264807562" remote="318763443657704074" Dst="-1" /><file name="ky.png" server="MAC OSX/Users/johnraymundniconi/github/FAQTravel/" local="3265074340" remote="318763443657970852" Dst="-1" /><file name="kz.png" server="MAC OSX/Users/johnraymundniconi/github/FAQTravel/" local="3264807560" remote="318763443657704072" Dst="-1" /><file name="la.png" server="MAC OSX/Users/johnraymundniconi/github/FAQTravel/" local="3264807564" remote="318763443657704076" Dst="-1" /><file name="lb.png" server="MAC OSX/Users/johnraymundniconi/github/FAQTravel/" local="3264807564" remote="318763443657704076" Dst="-1" /><file name="lc.png" server="MAC OSX/Users/johnraymundniconi/github/FAQTravel/" local="3264807604" remote="318763443657704116" Dst="-1" /><file name="li.png" server="MAC OSX/Users/johnraymundniconi/github/FAQTravel/" local="3264807568" remote="318763443657704080" Dst="-1" /><file name="lk.png" server="MAC OSX/Users/johnraymundniconi/github/FAQTravel/" local="3264807616" remote="318763443657704128" Dst="-1" /><file name="lr.png" server="MAC OSX/Users/johnraymundniconi/github/FAQTravel/" local="3264807566" remote="318763443657704078" Dst="-1" /><file name="ls.png" server="MAC OSX/Users/johnraymundniconi/github/FAQTravel/" local="3264807566" remote="318763443657704078" Dst="-1" /><file name="lt.png" server="MAC OSX/Users/johnraymundniconi/github/FAQTravel/" local="3264807568" remote="318763443657704080" Dst="-1" /><file name="lu.png" server="MAC OSX/Users/johnraymundniconi/github/FAQTravel/" local="3264807568" remote="318763443657704080" Dst="-1" /><file name="lv.png" server="MAC OSX/Users/johnraymundniconi/github/FAQTravel/" local="3264807564" remote="318763443657704076" Dst="-1" /><file name="ly.png" server="MAC OSX/Users/johnraymundniconi/github/FAQTravel/" local="3264807566" remote="318763443657704078" Dst="-1" /><file name="ma.png" server="MAC OSX/Users/johnraymundniconi/github/FAQTravel/" local="3264807580" remote="318763443657704092" Dst="-1" /><file name="mc.png" server="MAC OSX/Users/johnraymundniconi/github/FAQTravel/" local="3264807578" remote="318763443657704090" Dst="-1" /><file name="md.png" server="MAC OSX/Users/johnraymundniconi/github/FAQTravel/" local="3264807578" remote="318763443657704090" Dst="-1" /><file name="me.png" server="MAC OSX/Users/johnraymundniconi/github/FAQTravel/" local="3264807580" remote="318763443657704092" Dst="-1" /><file name="mg.png" server="MAC OSX/Users/johnraymundniconi/github/FAQTravel/" local="3264807570" remote="318763443657704082" Dst="-1" /><file name="mh.png" server="MAC OSX/Users/johnraymundniconi/github/FAQTravel/" local="3264807574" remote="318763443657704086" Dst="-1" /><file name="mk.png" server="MAC OSX/Users/johnraymundniconi/github/FAQTravel/" local="3264807570" remote="318763443657704082" Dst="-1" /><file name="ml.png" server="MAC OSX/Users/johnraymundniconi/github/FAQTravel/" local="3264807574" remote="318763443657704086" Dst="-1" /><file name="mm.png" server="MAC OSX/Users/johnraymundniconi/github/FAQTravel/" local="3264807582" remote="318763443657704094" Dst="-1" /><file name="mn.png" server="MAC OSX/Users/johnraymundniconi/github/FAQTravel/" local="3264807580" remote="318763443657704092" Dst="-1" /><file name="mo.png" server="MAC OSX/Users/johnraymundniconi/github/FAQTravel/" local="3264807570" remote="318763443657704082" Dst="-1" /><file name="mq.png" server="MAC OSX/Users/johnraymundniconi/github/FAQTravel/" local="3291494312" remote="318763443684390824" Dst="-1" /><file name="mr.png" server="MAC OSX/Users/johnraymundniconi/github/FAQTravel/" local="3264807576" remote="318763443657704088" Dst="-1" /><file name="ms.png" server="MAC OSX/Users/johnraymundniconi/github/FAQTravel/" local="3274940880" remote="318763443667837392" Dst="-1" /><file name="mt.png" server="MAC OSX/Users/johnraymundniconi/github/FAQTravel/" local="3264807574" remote="318763443657704086" Dst="-1" /><file name="mu.png" server="MAC OSX/Users/johnraymundniconi/github/FAQTravel/" local="3264807576" remote="318763443657704088" Dst="-1" /><file name="mv.png" server="MAC OSX/Users/johnraymundniconi/github/FAQTravel/" local="3264807572" remote="318763443657704084" Dst="-1" /><file name="mw.png" server="MAC OSX/Users/johnraymundniconi/github/FAQTravel/" local="3266538532" remote="318763443659435044" Dst="-1" /><file name="mx.png" server="MAC OSX/Users/johnraymundniconi/github/FAQTravel/" local="3264807576" remote="318763443657704088" Dst="-1" /><file name="my.png" server="MAC OSX/Users/johnraymundniconi/github/FAQTravel/" local="3264807572" remote="318763443657704084" Dst="-1" /><file name="mz.png" server="MAC OSX/Users/johnraymundniconi/github/FAQTravel/" local="3264807582" remote="318763443657704094" Dst="-1" /><file name="na.png" server="MAC OSX/Users/johnraymundniconi/github/FAQTravel/" local="3264807582" remote="318763443657704094" Dst="-1" /><file name="nc.png" server="MAC OSX/Users/johnraymundniconi/github/FAQTravel/" local="3299060312" remote="318763443691956824" Dst="-1" /><file name="ne.png" server="MAC OSX/Users/johnraymundniconi/github/FAQTravel/" local="3264807586" remote="318763443657704098" Dst="-1" /><file name="ng.png" server="MAC OSX/Users/johnraymundniconi/github/FAQTravel/" local="3264807588" remote="318763443657704100" Dst="-1" /><file name="ni.png" server="MAC OSX/Users/johnraymundniconi/github/FAQTravel/" local="3264807586" remote="318763443657704098" Dst="-1" /><file name="nl.png" server="MAC OSX/Users/johnraymundniconi/github/FAQTravel/" local="3264807584" remote="318763443657704096" Dst="-1" /><file name="no.png" server="MAC OSX/Users/johnraymundniconi/github/FAQTravel/" local="3264807590" remote="318763443657704102" Dst="-1" /><file name="np.png" server="MAC OSX/Users/johnraymundniconi/github/FAQTravel/" local="3266156084" remote="318763443659052596" Dst="-1" /><file name="nr.png" server="MAC OSX/Users/johnraymundniconi/github/FAQTravel/" local="3264807584" remote="318763443657704096" Dst="-1" /><file name="nz.png" server="MAC OSX/Users/johnraymundniconi/github/FAQTravel/" local="3264807586" remote="318763443657704098" Dst="-1" /><file name="om.png" server="MAC OSX/Users/johnraymundniconi/github/FAQTravel/" local="3264807592" remote="318763443657704104" Dst="-1" /><file name="pa.png" server="MAC OSX/Users/johnraymundniconi/github/FAQTravel/" local="3264807594" remote="318763443657704106" Dst="-1" /><file name="pe.png" server="MAC OSX/Users/johnraymundniconi/github/FAQTravel/" local="3264807596" remote="318763443657704108" Dst="-1" /><file name="pf.png" server="MAC OSX/Users/johnraymundniconi/github/FAQTravel/" local="3274940354" remote="318763443667836866" Dst="-1" /><file name="pg.png" server="MAC OSX/Users/johnraymundniconi/github/FAQTravel/" local="3264807596" remote="318763443657704108" Dst="-1" /><file name="ph.png" server="MAC OSX/Users/johnraymundniconi/github/FAQTravel/" local="3264807598" remote="318763443657704110" Dst="-1" /><file name="pk.png" server="MAC OSX/Users/johnraymundniconi/github/FAQTravel/" local="3264807592" remote="318763443657704104" Dst="-1" /><file name="pl.png" server="MAC OSX/Users/johnraymundniconi/github/FAQTravel/" local="3264807598" remote="318763443657704110" Dst="-1" /><file name="pr.png" server="MAC OSX/Users/johnraymundniconi/github/FAQTravel/" local="3264807600" remote="318763443657704112" Dst="-1" /><file name="ps.png" server="MAC OSX/Users/johnraymundniconi/github/FAQTravel/" local="3264807594" remote="318763443657704106" Dst="-1" /><file name="pt.png" server="MAC OSX/Users/johnraymundniconi/github/FAQTravel/" local="3264807598" remote="318763443657704110" Dst="-1" /><file name="pw.png" server="MAC OSX/Users/johnraymundniconi/github/FAQTravel/" local="3264807594" remote="318763443657704106" Dst="-1" /><file name="py.png" server="MAC OSX/Users/johnraymundniconi/github/FAQTravel/" local="3264807596" remote="318763443657704108" Dst="-1" /><file name="qa.png" server="MAC OSX/Users/johnraymundniconi/github/FAQTravel/" local="3264807600" remote="318763443657704112" Dst="-1" /><file name="re.png" server="MAC OSX/Users/johnraymundniconi/github/FAQTravel/" local="3291494558" remote="318763443684391070" Dst="-1" /><file name="ro.png" server="MAC OSX/Users/johnraymundniconi/github/FAQTravel/" local="3264807602" remote="318763443657704114" Dst="-1" /><file name="rs.png" server="MAC OSX/Users/johnraymundniconi/github/FAQTravel/" local="3264807608" remote="318763443657704120" Dst="-1" /><file name="ru.png" server="MAC OSX/Users/johnraymundniconi/github/FAQTravel/" local="3264807602" remote="318763443657704114" Dst="-1" /><file name="rw.png" server="MAC OSX/Users/johnraymundniconi/github/FAQTravel/" local="3264807602" remote="318763443657704114" Dst="-1" /><file name="sa.png" server="MAC OSX/Users/johnraymundniconi/github/FAQTravel/" local="3264807606" remote="318763443657704118" Dst="-1" /><file name="sb.png" server="MAC OSX/Users/johnraymundniconi/github/FAQTravel/" local="3264807612" remote="318763443657704124" Dst="-1" /><file name="sc.png" server="MAC OSX/Users/johnraymundniconi/github/FAQTravel/" local="3264807608" remote="318763443657704120" Dst="-1" /><file name="sd.png" server="MAC OSX/Users/johnraymundniconi/github/FAQTravel/" local="3264807618" remote="318763443657704130" Dst="-1" /><file name="se.png" server="MAC OSX/Users/johnraymundniconi/github/FAQTravel/" local="3264807620" remote="318763443657704132" Dst="-1" /><file name="sg.png" server="MAC OSX/Users/johnraymundniconi/github/FAQTravel/" local="3264807610" remote="318763443657704122" Dst="-1" /><file name="si.png" server="MAC OSX/Users/johnraymundniconi/github/FAQTravel/" local="3264807612" remote="318763443657704124" Dst="-1" /><file name="sk.png" server="MAC OSX/Users/johnraymundniconi/github/FAQTravel/" local="3264807610" remote="318763443657704122" Dst="-1" /><file name="sl.png" server="MAC OSX/Users/johnraymundniconi/github/FAQTravel/" local="3264807610" remote="318763443657704122" Dst="-1" /><file name="sm.png" server="MAC OSX/Users/johnraymundniconi/github/FAQTravel/" local="3264807604" remote="318763443657704116" Dst="-1" /><file name="sn.png" server="MAC OSX/Users/johnraymundniconi/github/FAQTravel/" local="3264807608" remote="318763443657704120" Dst="-1" /><file name="so.png" server="MAC OSX/Users/johnraymundniconi/github/FAQTravel/" local="3264807612" remote="318763443657704124" Dst="-1" /><file name="sr.png" server="MAC OSX/Users/johnraymundniconi/github/FAQTravel/" local="3264807618" remote="318763443657704130" Dst="-1" /><file name="st.png" server="MAC OSX/Users/johnraymundniconi/github/FAQTravel/" local="3264807606" remote="318763443657704118" Dst="-1" /><file name="sv.png" server="MAC OSX/Users/johnraymundniconi/github/FAQTravel/" local="3264807536" remote="318763443657704048" Dst="-1" /><file name="sy.png" server="MAC OSX/Users/johnraymundniconi/github/FAQTravel/" local="3264807622" remote="318763443657704134" Dst="-1" /><file name="sz.png" server="MAC OSX/Users/johnraymundniconi/github/FAQTravel/" local="3264807620" remote="318763443657704132" Dst="-1" /><file name="tc.png" server="MAC OSX/Users/johnraymundniconi/github/FAQTravel/" local="3274940912" remote="318763443667837424" Dst="-1" /><file name="td.png" server="MAC OSX/Users/johnraymundniconi/github/FAQTravel/" local="3264807524" remote="318763443657704036" Dst="-1" /><file name="tg.png" server="MAC OSX/Users/johnraymundniconi/github/FAQTravel/" local="3264807626" remote="318763443657704138" Dst="-1" /><file name="th.png" server="MAC OSX/Users/johnraymundniconi/github/FAQTravel/" local="3264807624" remote="318763443657704136" Dst="-1" /><file name="tj.png" server="MAC OSX/Users/johnraymundniconi/github/FAQTravel/" local="3264807622" remote="318763443657704134" Dst="-1" /><file name="tl.png" server="MAC OSX/Users/johnraymundniconi/github/FAQTravel/" local="3264807624" remote="318763443657704136" Dst="-1" /><file name="tm.png" server="MAC OSX/Users/johnraymundniconi/github/FAQTravel/" local="3264807628" remote="318763443657704140" Dst="-1" /><file name="tn.png" server="MAC OSX/Users/johnraymundniconi/github/FAQTravel/" local="3264807628" remote="318763443657704140" Dst="-1" /><file name="to.png" server="MAC OSX/Users/johnraymundniconi/github/FAQTravel/" local="3264807626" remote="318763443657704138" Dst="-1" /><file name="tr.png" server="MAC OSX/Users/johnraymundniconi/github/FAQTravel/" local="3264807628" remote="318763443657704140" Dst="-1" /><file name="tt.png" server="MAC OSX/Users/johnraymundniconi/github/FAQTravel/" local="3264807626" remote="318763443657704138" Dst="-1" /><file name="tv.png" server="MAC OSX/Users/johnraymundniconi/github/FAQTravel/" local="3264807630" remote="318763443657704142" Dst="-1" /><file name="tw.png" server="MAC OSX/Users/johnraymundniconi/github/FAQTravel/" local="3264807622" remote="318763443657704134" Dst="-1" /><file name="tz.png" server="MAC OSX/Users/johnraymundniconi/github/FAQTravel/" local="3264807624" remote="318763443657704136" Dst="-1" /><file name="ua.png" server="MAC OSX/Users/johnraymundniconi/github/FAQTravel/" local="3264807666" remote="318763443657704178" Dst="-1" /><file name="ug.png" server="MAC OSX/Users/johnraymundniconi/github/FAQTravel/" local="3264807664" remote="318763443657704176" Dst="-1" /><file name="us.png" server="MAC OSX/Users/johnraymundniconi/github/FAQTravel/" local="3266406778" remote="318763443659303290" Dst="-1" /><file name="uy.png" server="MAC OSX/Users/johnraymundniconi/github/FAQTravel/" local="3264807668" remote="318763443657704180" Dst="-1" /><file name="uz.png" server="MAC OSX/Users/johnraymundniconi/github/FAQTravel/" local="3264807670" remote="318763443657704182" Dst="-1" /><file name="va.png" server="MAC OSX/Users/johnraymundniconi/github/FAQTravel/" local="3264807670" remote="318763443657704182" Dst="-1" /><file name="vc.png" server="MAC OSX/Users/johnraymundniconi/github/FAQTravel/" local="3264807618" remote="318763443657704130" Dst="-1" /><file name="ve.png" server="MAC OSX/Users/johnraymundniconi/github/FAQTravel/" local="3264807672" remote="318763443657704184" Dst="-1" /><file name="vg.png" server="MAC OSX/Users/johnraymundniconi/github/FAQTravel/" local="3274940274" remote="318763443667836786" Dst="-1" /><file name="vi.png" server="MAC OSX/Users/johnraymundniconi/github/FAQTravel/" local="3274940922" remote="318763443667837434" Dst="-1" /><file name="vn.png" server="MAC OSX/Users/johnraymundniconi/github/FAQTravel/" local="3264807672" remote="318763443657704184" Dst="-1" /><file name="vu.png" server="MAC OSX/Users/johnraymundniconi/github/FAQTravel/" local="3264807670" remote="318763443657704182" Dst="-1" /><file name="ws.png" server="MAC OSX/Users/johnraymundniconi/github/FAQTravel/" local="3264807604" remote="318763443657704116" Dst="-1" /><file name="ye.png" server="MAC OSX/Users/johnraymundniconi/github/FAQTravel/" local="3264807674" remote="318763443657704186" Dst="-1" /><file name="za.png" server="MAC OSX/Users/johnraymundniconi/github/FAQTravel/" local="3264807614" remote="318763443657704126" Dst="-1" /><file name="zm.png" server="MAC OSX/Users/johnraymundniconi/github/FAQTravel/" local="3264807674" remote="318763443657704186" Dst="-1" /><file name="zw.png" server="MAC OSX/Users/johnraymundniconi/github/FAQTravel/" local="3264807676" remote="318763443657704188" Dst="-1" /></dwsync>