<?xml version="1.0" encoding="utf-8" ?><dwsync><file name=".DS_Store" server="MAC OSX/Users/johnraymundniconi/github/FAQTravel/" local="3543081145" remote="318763443935977657" Dst="-1" /><file name="arrow.png" server="MAC OSX/Users/johnraymundniconi/github/FAQTravel/" local="3485519832" remote="318763443878416344" Dst="-1" /><file name="default.png" server="MAC OSX/Users/johnraymundniconi/github/FAQTravel/" local="3485519832" remote="318763443878416344" Dst="-1" /><file name="hotel.png" server="MAC OSX/Users/johnraymundniconi/github/FAQTravel/" local="3485519832" remote="318763443878416344" Dst="-1" /><file name="info.png" server="MAC OSX/Users/johnraymundniconi/github/FAQTravel/" local="3485519832" remote="318763443878416344" Dst="-1" /><file name="intercall.png" server="MAC OSX/Users/johnraymundniconi/github/FAQTravel/" local="3485519832" remote="318763443878416344" Dst="-1" /><file name="metrics.png" server="MAC OSX/Users/johnraymundniconi/github/FAQTravel/" local="3485519832" remote="318763443878416344" Dst="-1" /><file name="office.png" server="MAC OSX/Users/johnraymundniconi/github/FAQTravel/" local="3485519832" remote="318763443878416344" Dst="-1" /><file name="spinner_red.gif" server="MAC OSX/Users/johnraymundniconi/github/FAQTravel/" local="3485519832" remote="318763443878416344" Dst="-1" /><file name="spinner_small.gif" server="MAC OSX/Users/johnraymundniconi/github/FAQTravel/" local="3485519832" remote="318763443878416344" Dst="-1" /><file name="voice.png" server="MAC OSX/Users/johnraymundniconi/github/FAQTravel/" local="3485519832" remote="318763443878416344" Dst="-1" /></dwsync>