<?xml version="1.0" encoding="utf-8" ?><dwsync><file name="Afghanistan.png" server="MAC OSX/Users/johnraymundniconi/github/FAQTravel/" local="3542972806" remote="318763443935869318" Dst="-1" /><file name="Albania.png" server="MAC OSX/Users/johnraymundniconi/github/FAQTravel/" local="3542972807" remote="318763443935869319" Dst="-1" /><file name="Algeria.png" server="MAC OSX/Users/johnraymundniconi/github/FAQTravel/" local="3542972807" remote="318763443935869319" Dst="-1" /><file name="American-Samoa.png" server="MAC OSX/Users/johnraymundniconi/github/FAQTravel/" local="3542972807" remote="318763443935869319" Dst="-1" /><file name="Andorra.png" server="MAC OSX/Users/johnraymundniconi/github/FAQTravel/" local="3542972807" remote="318763443935869319" Dst="-1" /><file name="Angola.png" server="MAC OSX/Users/johnraymundniconi/github/FAQTravel/" local="3542972807" remote="318763443935869319" Dst="-1" /><file name="Anguilla.png" server="MAC OSX/Users/johnraymundniconi/github/FAQTravel/" local="3542972808" remote="318763443935869320" Dst="-1" /><file name="Antigua-and-Barbuda.png" server="MAC OSX/Users/johnraymundniconi/github/FAQTravel/" local="3542972808" remote="318763443935869320" Dst="-1" /><file name="Argentina.png" server="MAC OSX/Users/johnraymundniconi/github/FAQTravel/" local="3542972808" remote="318763443935869320" Dst="-1" /><file name="Armenia.png" server="MAC OSX/Users/johnraymundniconi/github/FAQTravel/" local="3542972808" remote="318763443935869320" Dst="-1" /><file name="Aruba.png" server="MAC OSX/Users/johnraymundniconi/github/FAQTravel/" local="3542972808" remote="318763443935869320" Dst="-1" /><file name="Australia.png" server="MAC OSX/Users/johnraymundniconi/github/FAQTravel/" local="3542972808" remote="318763443935869320" Dst="-1" /><file name="Austria.png" server="MAC OSX/Users/johnraymundniconi/github/FAQTravel/" local="3542972808" remote="318763443935869320" Dst="-1" /><file name="Azerbaijan.png" server="MAC OSX/Users/johnraymundniconi/github/FAQTravel/" local="3542972809" remote="318763443935869321" Dst="-1" /><file name="Bahrain.png" server="MAC OSX/Users/johnraymundniconi/github/FAQTravel/" local="3542972809" remote="318763443935869321" Dst="-1" /><file name="Bangladesh.png" server="MAC OSX/Users/johnraymundniconi/github/FAQTravel/" local="3542972809" remote="318763443935869321" Dst="-1" /><file name="Barbados.png" server="MAC OSX/Users/johnraymundniconi/github/FAQTravel/" local="3542972809" remote="318763443935869321" Dst="-1" /><file name="Belarus.png" server="MAC OSX/Users/johnraymundniconi/github/FAQTravel/" local="3542972809" remote="318763443935869321" Dst="-1" /><file name="Belgium.png" server="MAC OSX/Users/johnraymundniconi/github/FAQTravel/" local="3542972809" remote="318763443935869321" Dst="-1" /><file name="Belize.png" server="MAC OSX/Users/johnraymundniconi/github/FAQTravel/" local="3542972810" remote="318763443935869322" Dst="-1" /><file name="Benin.png" server="MAC OSX/Users/johnraymundniconi/github/FAQTravel/" local="3542972810" remote="318763443935869322" Dst="-1" /><file name="Bermuda.png" server="MAC OSX/Users/johnraymundniconi/github/FAQTravel/" local="3542972810" remote="318763443935869322" Dst="-1" /><file name="Bhutan.png" server="MAC OSX/Users/johnraymundniconi/github/FAQTravel/" local="3542972810" remote="318763443935869322" Dst="-1" /><file name="Bolivia.png" server="MAC OSX/Users/johnraymundniconi/github/FAQTravel/" local="3542972810" remote="318763443935869322" Dst="-1" /><file name="Bosnia-and-Herzegovina.png" server="MAC OSX/Users/johnraymundniconi/github/FAQTravel/" local="3542972810" remote="318763443935869322" Dst="-1" /><file name="Bostswana.png" server="MAC OSX/Users/johnraymundniconi/github/FAQTravel/" local="3542972811" remote="318763443935869323" Dst="-1" /><file name="Bouvet-Island.png" server="MAC OSX/Users/johnraymundniconi/github/FAQTravel/" local="3542972811" remote="318763443935869323" Dst="-1" /><file name="Brazil.png" server="MAC OSX/Users/johnraymundniconi/github/FAQTravel/" local="3542972811" remote="318763443935869323" Dst="-1" /><file name="British-Indian-Ocean-Territory.png" server="MAC OSX/Users/johnraymundniconi/github/FAQTravel/" local="3542972811" remote="318763443935869323" Dst="-1" /><file name="British-Virgin-Islands.png" server="MAC OSX/Users/johnraymundniconi/github/FAQTravel/" local="3542972811" remote="318763443935869323" Dst="-1" /><file name="Brunei.png" server="MAC OSX/Users/johnraymundniconi/github/FAQTravel/" local="3542972811" remote="318763443935869323" Dst="-1" /><file name="Bulgaria.png" server="MAC OSX/Users/johnraymundniconi/github/FAQTravel/" local="3542972812" remote="318763443935869324" Dst="-1" /><file name="Burkina-Faso.png" server="MAC OSX/Users/johnraymundniconi/github/FAQTravel/" local="3542972812" remote="318763443935869324" Dst="-1" /><file name="Burma.png" server="MAC OSX/Users/johnraymundniconi/github/FAQTravel/" local="3542972812" remote="318763443935869324" Dst="-1" /><file name="Burundi.png" server="MAC OSX/Users/johnraymundniconi/github/FAQTravel/" local="3542972812" remote="318763443935869324" Dst="-1" /><file name="Cambodia.png" server="MAC OSX/Users/johnraymundniconi/github/FAQTravel/" local="3542972812" remote="318763443935869324" Dst="-1" /><file name="Cameroon.png" server="MAC OSX/Users/johnraymundniconi/github/FAQTravel/" local="3542972812" remote="318763443935869324" Dst="-1" /><file name="Canada.png" server="MAC OSX/Users/johnraymundniconi/github/FAQTravel/" local="3542972812" remote="318763443935869324" Dst="-1" /><file name="Cape-Verde.png" server="MAC OSX/Users/johnraymundniconi/github/FAQTravel/" local="3542972813" remote="318763443935869325" Dst="-1" /><file name="Cayman-Islands.png" server="MAC OSX/Users/johnraymundniconi/github/FAQTravel/" local="3542972813" remote="318763443935869325" Dst="-1" /><file name="Central-African-Republic.png" server="MAC OSX/Users/johnraymundniconi/github/FAQTravel/" local="3542972813" remote="318763443935869325" Dst="-1" /><file name="Chad.png" server="MAC OSX/Users/johnraymundniconi/github/FAQTravel/" local="3542972813" remote="318763443935869325" Dst="-1" /><file name="Chile.png" server="MAC OSX/Users/johnraymundniconi/github/FAQTravel/" local="3542972813" remote="318763443935869325" Dst="-1" /><file name="China.png" server="MAC OSX/Users/johnraymundniconi/github/FAQTravel/" local="3542972814" remote="318763443935869326" Dst="-1" /><file name="Christmas-Islands.png" server="MAC OSX/Users/johnraymundniconi/github/FAQTravel/" local="3542972814" remote="318763443935869326" Dst="-1" /><file name="Cocos-(Keeling)-Islands.png" server="MAC OSX/Users/johnraymundniconi/github/FAQTravel/" local="3542972814" remote="318763443935869326" Dst="-1" /><file name="Colombia.png" server="MAC OSX/Users/johnraymundniconi/github/FAQTravel/" local="3542972814" remote="318763443935869326" Dst="-1" /><file name="Comoros.png" server="MAC OSX/Users/johnraymundniconi/github/FAQTravel/" local="3542972814" remote="318763443935869326" Dst="-1" /><file name="Cook-Islands.png" server="MAC OSX/Users/johnraymundniconi/github/FAQTravel/" local="3542972814" remote="318763443935869326" Dst="-1" /><file name="Costa-Rica.png" server="MAC OSX/Users/johnraymundniconi/github/FAQTravel/" local="3542972815" remote="318763443935869327" Dst="-1" /><file name="Cote-d'Ivoire.png" server="MAC OSX/Users/johnraymundniconi/github/FAQTravel/" local="3542972815" remote="318763443935869327" Dst="-1" /><file name="Croatia.png" server="MAC OSX/Users/johnraymundniconi/github/FAQTravel/" local="3542972815" remote="318763443935869327" Dst="-1" /><file name="Cuba.png" server="MAC OSX/Users/johnraymundniconi/github/FAQTravel/" local="3542972815" remote="318763443935869327" Dst="-1" /><file name="Cyprus.png" server="MAC OSX/Users/johnraymundniconi/github/FAQTravel/" local="3542972815" remote="318763443935869327" Dst="-1" /><file name="Czech-Republic.png" server="MAC OSX/Users/johnraymundniconi/github/FAQTravel/" local="3542972815" remote="318763443935869327" Dst="-1" /><file name="Democratic-Republic-of-the-Congo.png" server="MAC OSX/Users/johnraymundniconi/github/FAQTravel/" local="3542972816" remote="318763443935869328" Dst="-1" /><file name="Denmark.png" server="MAC OSX/Users/johnraymundniconi/github/FAQTravel/" local="3542972816" remote="318763443935869328" Dst="-1" /><file name="Djibouti.png" server="MAC OSX/Users/johnraymundniconi/github/FAQTravel/" local="3542972816" remote="318763443935869328" Dst="-1" /><file name="Dominica.png" server="MAC OSX/Users/johnraymundniconi/github/FAQTravel/" local="3542972816" remote="318763443935869328" Dst="-1" /><file name="Dominican-Republic.png" server="MAC OSX/Users/johnraymundniconi/github/FAQTravel/" local="3542972816" remote="318763443935869328" Dst="-1" /><file name="Ecuador.png" server="MAC OSX/Users/johnraymundniconi/github/FAQTravel/" local="3542972816" remote="318763443935869328" Dst="-1" /><file name="Egypt.png" server="MAC OSX/Users/johnraymundniconi/github/FAQTravel/" local="3542972817" remote="318763443935869329" Dst="-1" /><file name="El-Salvador.png" server="MAC OSX/Users/johnraymundniconi/github/FAQTravel/" local="3542972817" remote="318763443935869329" Dst="-1" /><file name="Equatorial-Guinea.png" server="MAC OSX/Users/johnraymundniconi/github/FAQTravel/" local="3542972817" remote="318763443935869329" Dst="-1" /><file name="Eritrea.png" server="MAC OSX/Users/johnraymundniconi/github/FAQTravel/" local="3542972817" remote="318763443935869329" Dst="-1" /><file name="Estonia.png" server="MAC OSX/Users/johnraymundniconi/github/FAQTravel/" local="3542972817" remote="318763443935869329" Dst="-1" /><file name="Ethiopia.png" server="MAC OSX/Users/johnraymundniconi/github/FAQTravel/" local="3542972817" remote="318763443935869329" Dst="-1" /><file name="European-Union.png" server="MAC OSX/Users/johnraymundniconi/github/FAQTravel/" local="3542972818" remote="318763443935869330" Dst="-1" /><file name="Falkland-Islands-(Islas-Malvinas).png" server="MAC OSX/Users/johnraymundniconi/github/FAQTravel/" local="3542972818" remote="318763443935869330" Dst="-1" /><file name="Faroe-Islands.png" server="MAC OSX/Users/johnraymundniconi/github/FAQTravel/" local="3542972818" remote="318763443935869330" Dst="-1" /><file name="Fiji.png" server="MAC OSX/Users/johnraymundniconi/github/FAQTravel/" local="3542972818" remote="318763443935869330" Dst="-1" /><file name="Finland.png" server="MAC OSX/Users/johnraymundniconi/github/FAQTravel/" local="3542972818" remote="318763443935869330" Dst="-1" /><file name="France.png" server="MAC OSX/Users/johnraymundniconi/github/FAQTravel/" local="3542972818" remote="318763443935869330" Dst="-1" /><file name="French-Poynesia.png" server="MAC OSX/Users/johnraymundniconi/github/FAQTravel/" local="3542972818" remote="318763443935869330" Dst="-1" /><file name="Gabon.png" server="MAC OSX/Users/johnraymundniconi/github/FAQTravel/" local="3542972819" remote="318763443935869331" Dst="-1" /><file name="Georgia.png" server="MAC OSX/Users/johnraymundniconi/github/FAQTravel/" local="3542972819" remote="318763443935869331" Dst="-1" /><file name="Germany.png" server="MAC OSX/Users/johnraymundniconi/github/FAQTravel/" local="3542972819" remote="318763443935869331" Dst="-1" /><file name="Ghana.png" server="MAC OSX/Users/johnraymundniconi/github/FAQTravel/" local="3542972819" remote="318763443935869331" Dst="-1" /><file name="Gibraltar.png" server="MAC OSX/Users/johnraymundniconi/github/FAQTravel/" local="3542972819" remote="318763443935869331" Dst="-1" /><file name="Greece.png" server="MAC OSX/Users/johnraymundniconi/github/FAQTravel/" local="3542972820" remote="318763443935869332" Dst="-1" /><file name="Greenland.png" server="MAC OSX/Users/johnraymundniconi/github/FAQTravel/" local="3542972820" remote="318763443935869332" Dst="-1" /><file name="Grenada.png" server="MAC OSX/Users/johnraymundniconi/github/FAQTravel/" local="3542972820" remote="318763443935869332" Dst="-1" /><file name="Guam.png" server="MAC OSX/Users/johnraymundniconi/github/FAQTravel/" local="3542972820" remote="318763443935869332" Dst="-1" /><file name="Guatemala.png" server="MAC OSX/Users/johnraymundniconi/github/FAQTravel/" local="3542972820" remote="318763443935869332" Dst="-1" /><file name="Guernsey.png" server="MAC OSX/Users/johnraymundniconi/github/FAQTravel/" local="3542972820" remote="318763443935869332" Dst="-1" /><file name="Guinea-Blissau.png" server="MAC OSX/Users/johnraymundniconi/github/FAQTravel/" local="3542972821" remote="318763443935869333" Dst="-1" /><file name="Guinea.png" server="MAC OSX/Users/johnraymundniconi/github/FAQTravel/" local="3542972821" remote="318763443935869333" Dst="-1" /><file name="Guyana.png" server="MAC OSX/Users/johnraymundniconi/github/FAQTravel/" local="3542972821" remote="318763443935869333" Dst="-1" /><file name="Haiti.png" server="MAC OSX/Users/johnraymundniconi/github/FAQTravel/" local="3542972821" remote="318763443935869333" Dst="-1" /><file name="Holy-See-(Vatican-City).png" server="MAC OSX/Users/johnraymundniconi/github/FAQTravel/" local="3542972821" remote="318763443935869333" Dst="-1" /><file name="Honduras.png" server="MAC OSX/Users/johnraymundniconi/github/FAQTravel/" local="3542972821" remote="318763443935869333" Dst="-1" /><file name="Hong-Kong.png" server="MAC OSX/Users/johnraymundniconi/github/FAQTravel/" local="3542972822" remote="318763443935869334" Dst="-1" /><file name="Hungary.png" server="MAC OSX/Users/johnraymundniconi/github/FAQTravel/" local="3542972822" remote="318763443935869334" Dst="-1" /><file name="Iceland.png" server="MAC OSX/Users/johnraymundniconi/github/FAQTravel/" local="3542972822" remote="318763443935869334" Dst="-1" /><file name="India.png" server="MAC OSX/Users/johnraymundniconi/github/FAQTravel/" local="3542972822" remote="318763443935869334" Dst="-1" /><file name="Indonesia.png" server="MAC OSX/Users/johnraymundniconi/github/FAQTravel/" local="3542972822" remote="318763443935869334" Dst="-1" /><file name="Iran.png" server="MAC OSX/Users/johnraymundniconi/github/FAQTravel/" local="3542972822" remote="318763443935869334" Dst="-1" /><file name="Iraq.png" server="MAC OSX/Users/johnraymundniconi/github/FAQTravel/" local="3542972823" remote="318763443935869335" Dst="-1" /><file name="Ireland.png" server="MAC OSX/Users/johnraymundniconi/github/FAQTravel/" local="3542972823" remote="318763443935869335" Dst="-1" /><file name="Isle-of-Man.png" server="MAC OSX/Users/johnraymundniconi/github/FAQTravel/" local="3542972823" remote="318763443935869335" Dst="-1" /><file name="Israel.png" server="MAC OSX/Users/johnraymundniconi/github/FAQTravel/" local="3542972823" remote="318763443935869335" Dst="-1" /><file name="Italy.png" server="MAC OSX/Users/johnraymundniconi/github/FAQTravel/" local="3542972823" remote="318763443935869335" Dst="-1" /><file name="Jamaica.png" server="MAC OSX/Users/johnraymundniconi/github/FAQTravel/" local="3542972823" remote="318763443935869335" Dst="-1" /><file name="Japan.png" server="MAC OSX/Users/johnraymundniconi/github/FAQTravel/" local="3542972824" remote="318763443935869336" Dst="-1" /><file name="Jordan.png" server="MAC OSX/Users/johnraymundniconi/github/FAQTravel/" local="3542972824" remote="318763443935869336" Dst="-1" /><file name="Kazahstan.png" server="MAC OSX/Users/johnraymundniconi/github/FAQTravel/" local="3542972824" remote="318763443935869336" Dst="-1" /><file name="Kenya.png" server="MAC OSX/Users/johnraymundniconi/github/FAQTravel/" local="3542972824" remote="318763443935869336" Dst="-1" /><file name="Kiribati.png" server="MAC OSX/Users/johnraymundniconi/github/FAQTravel/" local="3542972824" remote="318763443935869336" Dst="-1" /><file name="Kosovo.png" server="MAC OSX/Users/johnraymundniconi/github/FAQTravel/" local="3542972824" remote="318763443935869336" Dst="-1" /><file name="Kuwait.png" server="MAC OSX/Users/johnraymundniconi/github/FAQTravel/" local="3542972825" remote="318763443935869337" Dst="-1" /><file name="Kyrgyzstan.png" server="MAC OSX/Users/johnraymundniconi/github/FAQTravel/" local="3542972825" remote="318763443935869337" Dst="-1" /><file name="Laos.png" server="MAC OSX/Users/johnraymundniconi/github/FAQTravel/" local="3542972825" remote="318763443935869337" Dst="-1" /><file name="Latvia.png" server="MAC OSX/Users/johnraymundniconi/github/FAQTravel/" local="3542972825" remote="318763443935869337" Dst="-1" /><file name="Lebanon.png" server="MAC OSX/Users/johnraymundniconi/github/FAQTravel/" local="3542972825" remote="318763443935869337" Dst="-1" /><file name="Lesotho.png" server="MAC OSX/Users/johnraymundniconi/github/FAQTravel/" local="3542972825" remote="318763443935869337" Dst="-1" /><file name="Liberia.png" server="MAC OSX/Users/johnraymundniconi/github/FAQTravel/" local="3542972826" remote="318763443935869338" Dst="-1" /><file name="Libya.png" server="MAC OSX/Users/johnraymundniconi/github/FAQTravel/" local="3542972826" remote="318763443935869338" Dst="-1" /><file name="Liechtenstein.png" server="MAC OSX/Users/johnraymundniconi/github/FAQTravel/" local="3542972826" remote="318763443935869338" Dst="-1" /><file name="Lithuania.png" server="MAC OSX/Users/johnraymundniconi/github/FAQTravel/" local="3542972826" remote="318763443935869338" Dst="-1" /><file name="Luxembourg.png" server="MAC OSX/Users/johnraymundniconi/github/FAQTravel/" local="3542972826" remote="318763443935869338" Dst="-1" /><file name="Macau.png" server="MAC OSX/Users/johnraymundniconi/github/FAQTravel/" local="3542972826" remote="318763443935869338" Dst="-1" /><file name="Macedonia.png" server="MAC OSX/Users/johnraymundniconi/github/FAQTravel/" local="3542972826" remote="318763443935869338" Dst="-1" /><file name="Madagascar.png" server="MAC OSX/Users/johnraymundniconi/github/FAQTravel/" local="3542972827" remote="318763443935869339" Dst="-1" /><file name="Malawi.png" server="MAC OSX/Users/johnraymundniconi/github/FAQTravel/" local="3542972827" remote="318763443935869339" Dst="-1" /><file name="Malaysia.png" server="MAC OSX/Users/johnraymundniconi/github/FAQTravel/" local="3542972827" remote="318763443935869339" Dst="-1" /><file name="Maldives.png" server="MAC OSX/Users/johnraymundniconi/github/FAQTravel/" local="3542972827" remote="318763443935869339" Dst="-1" /><file name="Mali.png" server="MAC OSX/Users/johnraymundniconi/github/FAQTravel/" local="3542972827" remote="318763443935869339" Dst="-1" /><file name="Malta.png" server="MAC OSX/Users/johnraymundniconi/github/FAQTravel/" local="3542972827" remote="318763443935869339" Dst="-1" /><file name="Marschal-Islands.png" server="MAC OSX/Users/johnraymundniconi/github/FAQTravel/" local="3542972828" remote="318763443935869340" Dst="-1" /><file name="Mauritania.png" server="MAC OSX/Users/johnraymundniconi/github/FAQTravel/" local="3542972828" remote="318763443935869340" Dst="-1" /><file name="Mauritius.png" server="MAC OSX/Users/johnraymundniconi/github/FAQTravel/" local="3542972828" remote="318763443935869340" Dst="-1" /><file name="Mayotte.png" server="MAC OSX/Users/johnraymundniconi/github/FAQTravel/" local="3542972828" remote="318763443935869340" Dst="-1" /><file name="Mexico.png" server="MAC OSX/Users/johnraymundniconi/github/FAQTravel/" local="3542972828" remote="318763443935869340" Dst="-1" /><file name="Micronesia.png" server="MAC OSX/Users/johnraymundniconi/github/FAQTravel/" local="3542972828" remote="318763443935869340" Dst="-1" /><file name="Moldavia.png" server="MAC OSX/Users/johnraymundniconi/github/FAQTravel/" local="3542972829" remote="318763443935869341" Dst="-1" /><file name="Monaco.png" server="MAC OSX/Users/johnraymundniconi/github/FAQTravel/" local="3542972829" remote="318763443935869341" Dst="-1" /><file name="Mongolia.png" server="MAC OSX/Users/johnraymundniconi/github/FAQTravel/" local="3542972829" remote="318763443935869341" Dst="-1" /><file name="Montenegro.png" server="MAC OSX/Users/johnraymundniconi/github/FAQTravel/" local="3542972829" remote="318763443935869341" Dst="-1" /><file name="Montserrat.png" server="MAC OSX/Users/johnraymundniconi/github/FAQTravel/" local="3542972829" remote="318763443935869341" Dst="-1" /><file name="Morocco.png" server="MAC OSX/Users/johnraymundniconi/github/FAQTravel/" local="3542972829" remote="318763443935869341" Dst="-1" /><file name="Mozambique.png" server="MAC OSX/Users/johnraymundniconi/github/FAQTravel/" local="3542972829" remote="318763443935869341" Dst="-1" /><file name="Namibia.png" server="MAC OSX/Users/johnraymundniconi/github/FAQTravel/" local="3542972830" remote="318763443935869342" Dst="-1" /><file name="Nauru.png" server="MAC OSX/Users/johnraymundniconi/github/FAQTravel/" local="3542972830" remote="318763443935869342" Dst="-1" /><file name="Nepal.png" server="MAC OSX/Users/johnraymundniconi/github/FAQTravel/" local="3542972830" remote="318763443935869342" Dst="-1" /><file name="Netherlands-Anthilles.png" server="MAC OSX/Users/johnraymundniconi/github/FAQTravel/" local="3542972830" remote="318763443935869342" Dst="-1" /><file name="Netherlands.png" server="MAC OSX/Users/johnraymundniconi/github/FAQTravel/" local="3542972830" remote="318763443935869342" Dst="-1" /><file name="New-Zealand.png" server="MAC OSX/Users/johnraymundniconi/github/FAQTravel/" local="3542972830" remote="318763443935869342" Dst="-1" /><file name="Nicaragua.png" server="MAC OSX/Users/johnraymundniconi/github/FAQTravel/" local="3542972831" remote="318763443935869343" Dst="-1" /><file name="Niger.png" server="MAC OSX/Users/johnraymundniconi/github/FAQTravel/" local="3542972831" remote="318763443935869343" Dst="-1" /><file name="Nigeria.png" server="MAC OSX/Users/johnraymundniconi/github/FAQTravel/" local="3542972831" remote="318763443935869343" Dst="-1" /><file name="Niue.png" server="MAC OSX/Users/johnraymundniconi/github/FAQTravel/" local="3542972831" remote="318763443935869343" Dst="-1" /><file name="Norfolk-Island.png" server="MAC OSX/Users/johnraymundniconi/github/FAQTravel/" local="3542972831" remote="318763443935869343" Dst="-1" /><file name="North-Korea.png" server="MAC OSX/Users/johnraymundniconi/github/FAQTravel/" local="3542972832" remote="318763443935869344" Dst="-1" /><file name="Northern-Mariana-Islands.png" server="MAC OSX/Users/johnraymundniconi/github/FAQTravel/" local="3542972832" remote="318763443935869344" Dst="-1" /><file name="Norway.png" server="MAC OSX/Users/johnraymundniconi/github/FAQTravel/" local="3542972832" remote="318763443935869344" Dst="-1" /><file name="Oman.png" server="MAC OSX/Users/johnraymundniconi/github/FAQTravel/" local="3542972832" remote="318763443935869344" Dst="-1" /><file name="Pakistan.png" server="MAC OSX/Users/johnraymundniconi/github/FAQTravel/" local="3542972832" remote="318763443935869344" Dst="-1" /><file name="Palau.png" server="MAC OSX/Users/johnraymundniconi/github/FAQTravel/" local="3542972832" remote="318763443935869344" Dst="-1" /><file name="Panama.png" server="MAC OSX/Users/johnraymundniconi/github/FAQTravel/" local="3542972833" remote="318763443935869345" Dst="-1" /><file name="Papua-New-Guinea.png" server="MAC OSX/Users/johnraymundniconi/github/FAQTravel/" local="3542972833" remote="318763443935869345" Dst="-1" /><file name="Paraguay.png" server="MAC OSX/Users/johnraymundniconi/github/FAQTravel/" local="3542972833" remote="318763443935869345" Dst="-1" /><file name="Peru.png" server="MAC OSX/Users/johnraymundniconi/github/FAQTravel/" local="3542972833" remote="318763443935869345" Dst="-1" /><file name="ph.png" server="MAC OSX/Users/johnraymundniconi/github/FAQTravel/" local="3542972833" remote="318763443935869345" Dst="-1" /><file name="Pitcairn-Islands.png" server="MAC OSX/Users/johnraymundniconi/github/FAQTravel/" local="3542972834" remote="318763443935869346" Dst="-1" /><file name="Poland.png" server="MAC OSX/Users/johnraymundniconi/github/FAQTravel/" local="3542972834" remote="318763443935869346" Dst="-1" /><file name="Portugal.png" server="MAC OSX/Users/johnraymundniconi/github/FAQTravel/" local="3542972834" remote="318763443935869346" Dst="-1" /><file name="Puerto-Rico.png" server="MAC OSX/Users/johnraymundniconi/github/FAQTravel/" local="3542972834" remote="318763443935869346" Dst="-1" /><file name="Quatar.png" server="MAC OSX/Users/johnraymundniconi/github/FAQTravel/" local="3542972834" remote="318763443935869346" Dst="-1" /><file name="Republic-of-the-Congo.png" server="MAC OSX/Users/johnraymundniconi/github/FAQTravel/" local="3542972835" remote="318763443935869347" Dst="-1" /><file name="Romania.png" server="MAC OSX/Users/johnraymundniconi/github/FAQTravel/" local="3542972835" remote="318763443935869347" Dst="-1" /><file name="Russia.png" server="MAC OSX/Users/johnraymundniconi/github/FAQTravel/" local="3542972835" remote="318763443935869347" Dst="-1" /><file name="Rwanda.png" server="MAC OSX/Users/johnraymundniconi/github/FAQTravel/" local="3542972835" remote="318763443935869347" Dst="-1" /><file name="Saint-Helena.png" server="MAC OSX/Users/johnraymundniconi/github/FAQTravel/" local="3542972835" remote="318763443935869347" Dst="-1" /><file name="Saint-Kitts-and-Nevis.png" server="MAC OSX/Users/johnraymundniconi/github/FAQTravel/" local="3542972835" remote="318763443935869347" Dst="-1" /><file name="Saint-Lucia.png" server="MAC OSX/Users/johnraymundniconi/github/FAQTravel/" local="3542972835" remote="318763443935869347" Dst="-1" /><file name="Saint-Pierre-and-Miquelon.png" server="MAC OSX/Users/johnraymundniconi/github/FAQTravel/" local="3542972836" remote="318763443935869348" Dst="-1" /><file name="Saint-Vincent.png" server="MAC OSX/Users/johnraymundniconi/github/FAQTravel/" local="3542972836" remote="318763443935869348" Dst="-1" /><file name="Samoa.png" server="MAC OSX/Users/johnraymundniconi/github/FAQTravel/" local="3542972836" remote="318763443935869348" Dst="-1" /><file name="San-Marino.png" server="MAC OSX/Users/johnraymundniconi/github/FAQTravel/" local="3542972836" remote="318763443935869348" Dst="-1" /><file name="Sao-Tome-and-Principe.png" server="MAC OSX/Users/johnraymundniconi/github/FAQTravel/" local="3542972836" remote="318763443935869348" Dst="-1" /><file name="Saudi-Arabia.png" server="MAC OSX/Users/johnraymundniconi/github/FAQTravel/" local="3542972836" remote="318763443935869348" Dst="-1" /><file name="Senegal.png" server="MAC OSX/Users/johnraymundniconi/github/FAQTravel/" local="3542972836" remote="318763443935869348" Dst="-1" /><file name="Seychelles.png" server="MAC OSX/Users/johnraymundniconi/github/FAQTravel/" local="3542972837" remote="318763443935869349" Dst="-1" /><file name="Sierra-Leone.png" server="MAC OSX/Users/johnraymundniconi/github/FAQTravel/" local="3542972837" remote="318763443935869349" Dst="-1" /><file name="Singapore.png" server="MAC OSX/Users/johnraymundniconi/github/FAQTravel/" local="3542972837" remote="318763443935869349" Dst="-1" /><file name="Slovakia.png" server="MAC OSX/Users/johnraymundniconi/github/FAQTravel/" local="3542972837" remote="318763443935869349" Dst="-1" /><file name="Slovenia.png" server="MAC OSX/Users/johnraymundniconi/github/FAQTravel/" local="3542972837" remote="318763443935869349" Dst="-1" /><file name="Solomon-Islands.png" server="MAC OSX/Users/johnraymundniconi/github/FAQTravel/" local="3542972837" remote="318763443935869349" Dst="-1" /><file name="Somalia.png" server="MAC OSX/Users/johnraymundniconi/github/FAQTravel/" local="3542972838" remote="318763443935869350" Dst="-1" /><file name="South-Africa.png" server="MAC OSX/Users/johnraymundniconi/github/FAQTravel/" local="3542972838" remote="318763443935869350" Dst="-1" /><file name="South-Georgia-and-the-South-Sandwitch-Islands.png" server="MAC OSX/Users/johnraymundniconi/github/FAQTravel/" local="3542972838" remote="318763443935869350" Dst="-1" /><file name="South-Korea.png" server="MAC OSX/Users/johnraymundniconi/github/FAQTravel/" local="3542972838" remote="318763443935869350" Dst="-1" /><file name="Spain.png" server="MAC OSX/Users/johnraymundniconi/github/FAQTravel/" local="3542972838" remote="318763443935869350" Dst="-1" /><file name="Sri-Lanka.png" server="MAC OSX/Users/johnraymundniconi/github/FAQTravel/" local="3542972838" remote="318763443935869350" Dst="-1" /><file name="Sudan.png" server="MAC OSX/Users/johnraymundniconi/github/FAQTravel/" local="3542972838" remote="318763443935869350" Dst="-1" /><file name="Suriname.png" server="MAC OSX/Users/johnraymundniconi/github/FAQTravel/" local="3542972839" remote="318763443935869351" Dst="-1" /><file name="Swaziland.png" server="MAC OSX/Users/johnraymundniconi/github/FAQTravel/" local="3542972839" remote="318763443935869351" Dst="-1" /><file name="Sweden.png" server="MAC OSX/Users/johnraymundniconi/github/FAQTravel/" local="3542972839" remote="318763443935869351" Dst="-1" /><file name="Switzerland.png" server="MAC OSX/Users/johnraymundniconi/github/FAQTravel/" local="3542972839" remote="318763443935869351" Dst="-1" /><file name="Syria.png" server="MAC OSX/Users/johnraymundniconi/github/FAQTravel/" local="3542972839" remote="318763443935869351" Dst="-1" /><file name="Taiwan.png" server="MAC OSX/Users/johnraymundniconi/github/FAQTravel/" local="3542972839" remote="318763443935869351" Dst="-1" /><file name="Tajikistan.png" server="MAC OSX/Users/johnraymundniconi/github/FAQTravel/" local="3542972840" remote="318763443935869352" Dst="-1" /><file name="Tanzania.png" server="MAC OSX/Users/johnraymundniconi/github/FAQTravel/" local="3542972840" remote="318763443935869352" Dst="-1" /><file name="Thailand.png" server="MAC OSX/Users/johnraymundniconi/github/FAQTravel/" local="3542972840" remote="318763443935869352" Dst="-1" /><file name="the-Bahamas.png" server="MAC OSX/Users/johnraymundniconi/github/FAQTravel/" local="3542972844" remote="318763443935869356" Dst="-1" /><file name="the-Gambia.png" server="MAC OSX/Users/johnraymundniconi/github/FAQTravel/" local="3542972844" remote="318763443935869356" Dst="-1" /><file name="Tibet.png" server="MAC OSX/Users/johnraymundniconi/github/FAQTravel/" local="3542972840" remote="318763443935869352" Dst="-1" /><file name="Timor-Leste.png" server="MAC OSX/Users/johnraymundniconi/github/FAQTravel/" local="3542972840" remote="318763443935869352" Dst="-1" /><file name="Togo.png" server="MAC OSX/Users/johnraymundniconi/github/FAQTravel/" local="3542972840" remote="318763443935869352" Dst="-1" /><file name="Tonga.png" server="MAC OSX/Users/johnraymundniconi/github/FAQTravel/" local="3542972841" remote="318763443935869353" Dst="-1" /><file name="Trinidad-and-Tobago.png" server="MAC OSX/Users/johnraymundniconi/github/FAQTravel/" local="3542972841" remote="318763443935869353" Dst="-1" /><file name="Tunisia.png" server="MAC OSX/Users/johnraymundniconi/github/FAQTravel/" local="3542972841" remote="318763443935869353" Dst="-1" /><file name="Turkey.png" server="MAC OSX/Users/johnraymundniconi/github/FAQTravel/" local="3542972841" remote="318763443935869353" Dst="-1" /><file name="Turkmenistan.png" server="MAC OSX/Users/johnraymundniconi/github/FAQTravel/" local="3542972841" remote="318763443935869353" Dst="-1" /><file name="Turks-and-Caicos-Islands.png" server="MAC OSX/Users/johnraymundniconi/github/FAQTravel/" local="3542972841" remote="318763443935869353" Dst="-1" /><file name="Tuvalu.png" server="MAC OSX/Users/johnraymundniconi/github/FAQTravel/" local="3542972842" remote="318763443935869354" Dst="-1" /><file name="Uganda.png" server="MAC OSX/Users/johnraymundniconi/github/FAQTravel/" local="3542972842" remote="318763443935869354" Dst="-1" /><file name="Ukraine.png" server="MAC OSX/Users/johnraymundniconi/github/FAQTravel/" local="3542972842" remote="318763443935869354" Dst="-1" /><file name="United-Arab-Emirates.png" server="MAC OSX/Users/johnraymundniconi/github/FAQTravel/" local="3542972842" remote="318763443935869354" Dst="-1" /><file name="United-Kingdom.png" server="MAC OSX/Users/johnraymundniconi/github/FAQTravel/" local="3542972842" remote="318763443935869354" Dst="-1" /><file name="United-States.png" server="MAC OSX/Users/johnraymundniconi/github/FAQTravel/" local="3542972842" remote="318763443935869354" Dst="-1" /><file name="Uruguay.png" server="MAC OSX/Users/johnraymundniconi/github/FAQTravel/" local="3542972843" remote="318763443935869355" Dst="-1" /><file name="USA.png" server="MAC OSX/Users/johnraymundniconi/github/FAQTravel/" local="3542972842" remote="318763443935869354" Dst="-1" /><file name="Uzbekistan.png" server="MAC OSX/Users/johnraymundniconi/github/FAQTravel/" local="3542972843" remote="318763443935869355" Dst="-1" /><file name="Vanuatu.png" server="MAC OSX/Users/johnraymundniconi/github/FAQTravel/" local="3542972843" remote="318763443935869355" Dst="-1" /><file name="Venezuela.png" server="MAC OSX/Users/johnraymundniconi/github/FAQTravel/" local="3542972843" remote="318763443935869355" Dst="-1" /><file name="Vietnam.png" server="MAC OSX/Users/johnraymundniconi/github/FAQTravel/" local="3542972843" remote="318763443935869355" Dst="-1" /><file name="Virgin-Islands.png" server="MAC OSX/Users/johnraymundniconi/github/FAQTravel/" local="3542972843" remote="318763443935869355" Dst="-1" /><file name="Wallis-and-Futuna.png" server="MAC OSX/Users/johnraymundniconi/github/FAQTravel/" local="3542972843" remote="318763443935869355" Dst="-1" /><file name="Yemen.png" server="MAC OSX/Users/johnraymundniconi/github/FAQTravel/" local="3542972844" remote="318763443935869356" Dst="-1" /><file name="Zambia.png" server="MAC OSX/Users/johnraymundniconi/github/FAQTravel/" local="3542972844" remote="318763443935869356" Dst="-1" /><file name="Zimbabwe.png" server="MAC OSX/Users/johnraymundniconi/github/FAQTravel/" local="3542972844" remote="318763443935869356" Dst="-1" /></dwsync>