<?xml version="1.0" encoding="utf-8" ?><dwsync><file name="09-chat2.png" server="MAC OSX/Users/johnraymundniconi/github/FAQTravel/" local="3476399530" remote="318763443869296042" Dst="-1" /><file name="100-coffee.png" server="MAC OSX/Users/johnraymundniconi/github/FAQTravel/" local="3476399530" remote="318763443869296042" Dst="-1" /><file name="18-envelope.png" server="MAC OSX/Users/johnraymundniconi/github/FAQTravel/" local="3476399530" remote="318763443869296042" Dst="-1" /><file name="19-gear.png" server="MAC OSX/Users/johnraymundniconi/github/FAQTravel/" local="3476399530" remote="318763443869296042" Dst="-1" /><file name="21-skull.png" server="MAC OSX/Users/johnraymundniconi/github/FAQTravel/" local="3476399530" remote="318763443869296042" Dst="-1" /><file name="30-key.png" server="MAC OSX/Users/johnraymundniconi/github/FAQTravel/" local="3476399530" remote="318763443869296042" Dst="-1" /><file name="34-coffee.png" server="MAC OSX/Users/johnraymundniconi/github/FAQTravel/" local="3476399530" remote="318763443869296042" Dst="-1" /><file name="88-beermug.png" server="MAC OSX/Users/johnraymundniconi/github/FAQTravel/" local="3476399530" remote="318763443869296042" Dst="-1" /><file name="Read me first - license.txt" server="MAC OSX/Users/johnraymundniconi/github/FAQTravel/" local="3476399530" remote="318763443869296042" Dst="-1" /></dwsync>