<?xml version="1.0" encoding="utf-8" ?><dwsync><file name="config.xml" server="MAC OSX/Applications/XAMPP/xamppfiles/htdocs/travelfaq/" local="3542691221" remote="318763443935587733" Dst="-1" /><file name="indexORIG.html" server="MAC OSX/Applications/XAMPP/xamppfiles/htdocs/travelfaq/" local="3542704921" remote="318763443935601433" Dst="-1" /><file name="index.html" server="MAC OSX/Applications/XAMPP/xamppfiles/htdocs/FAQTravel/" local="3543153742" remote="318763443936050254" Dst="-1" /><file name="index-edited.html" server="MAC OSX/Applications/XAMPP/xamppfiles/htdocs/FAQTravel/" local="3542864826" remote="318763443935761338" Dst="-1" /><file name="jquery.mobile.theme-1.4.2.min.css" server="MAC OSX/Users/johnraymundniconi/github/FAQTravel/" local="3485519854" remote="318763443878416366" Dst="-1" /><file name=".DS_Store" server="MAC OSX/Users/johnraymundniconi/github/FAQTravel/" local="3543294337" remote="318763443936190849" Dst="-1" /><file name="config.xml" server="MAC OSX/Users/johnraymundniconi/github/FAQTravel/" local="3543138254" remote="318763443936034766" Dst="-1" /><file name="cordova.js" server="MAC OSX/Users/johnraymundniconi/github/FAQTravel/" local="3543140891" remote="318763443936037403" Dst="-1" /><file name="cordova_plugins.js" server="MAC OSX/Users/johnraymundniconi/github/FAQTravel/" local="3543140891" remote="318763443936037403" Dst="-1" /><file name="countries.geojson" server="MAC OSX/Users/johnraymundniconi/github/FAQTravel/" local="3485944496" remote="318763443878841008" Dst="-1" /><file name="icon.png" server="MAC OSX/Users/johnraymundniconi/github/FAQTravel/" local="3543150818" remote="318763443936047330" Dst="-1" /><file name="index copy.html" server="MAC OSX/Users/johnraymundniconi/github/FAQTravel/" local="3542785855" remote="318763443935682367" Dst="-1" /><file name="index-edited.html" server="MAC OSX/Users/johnraymundniconi/github/FAQTravel/" local="3542864826" remote="318763443935761338" Dst="-1" /><file name="index.html" server="MAC OSX/Users/johnraymundniconi/github/FAQTravel/" local="3543294639" remote="318763443936191151" Dst="-1" /><file name="indexBAK.html" server="MAC OSX/Users/johnraymundniconi/github/FAQTravel/" local="3487286890" remote="318763443880183402" Dst="-1" /><file name="indexORIG.html" server="MAC OSX/Users/johnraymundniconi/github/FAQTravel/" local="3542704921" remote="318763443935601433" Dst="-1" /><file name="jquery-1.8.3.min.js" server="MAC OSX/Users/johnraymundniconi/github/FAQTravel/" local="3485519854" remote="318763443878416366" Dst="-1" /><file name="jquery.mobile-1.4.2.min.css" server="MAC OSX/Users/johnraymundniconi/github/FAQTravel/" local="3485519854" remote="318763443878416366" Dst="-1" /><file name="jquery.mobile-1.4.2.min.js" server="MAC OSX/Users/johnraymundniconi/github/FAQTravel/" local="3485519854" remote="318763443878416366" Dst="-1" /><file name="jquery.mobile.structure-1.4.2.min.css" server="MAC OSX/Users/johnraymundniconi/github/FAQTravel/" local="3485519854" remote="318763443878416366" Dst="-1" /><file name="logo.png" server="MAC OSX/Users/johnraymundniconi/github/FAQTravel/" local="3543150784" remote="318763443936047296" Dst="-1" /><file name="sidemenu.html" server="MAC OSX/Users/johnraymundniconi/github/FAQTravel/" local="3542936068" remote="318763443935832580" Dst="-1" /><file name="spec.html" server="MAC OSX/Users/johnraymundniconi/github/FAQTravel/" local="3485921770" remote="318763443878818282" Dst="-1" /><file name="splashscreen.js" server="MAC OSX/Users/johnraymundniconi/github/FAQTravel/" local="3542220598" remote="318763443935117110" Dst="-1" /><file name="TravelFAQData.xml" server="MAC OSX/Users/johnraymundniconi/github/FAQTravel/" local="3542942919" remote="318763443935839431" Dst="-1" /></dwsync>