<?xml version="1.0" encoding="utf-8" ?><dwsync><file name="action-black.svg" server="MAC OSX/Users/johnraymundniconi/github/FAQTravel/" local="3476399530" remote="318763443869296042" Dst="-1" /><file name="action-white.svg" server="MAC OSX/Users/johnraymundniconi/github/FAQTravel/" local="3476399530" remote="318763443869296042" Dst="-1" /><file name="alert-black.svg" server="MAC OSX/Users/johnraymundniconi/github/FAQTravel/" local="3476399530" remote="318763443869296042" Dst="-1" /><file name="alert-white.svg" server="MAC OSX/Users/johnraymundniconi/github/FAQTravel/" local="3476399530" remote="318763443869296042" Dst="-1" /><file name="arrow-d-black.svg" server="MAC OSX/Users/johnraymundniconi/github/FAQTravel/" local="3476399530" remote="318763443869296042" Dst="-1" /><file name="arrow-d-l-black.svg" server="MAC OSX/Users/johnraymundniconi/github/FAQTravel/" local="3476399530" remote="318763443869296042" Dst="-1" /><file name="arrow-d-l-white.svg" server="MAC OSX/Users/johnraymundniconi/github/FAQTravel/" local="3476399530" remote="318763443869296042" Dst="-1" /><file name="arrow-d-r-black.svg" server="MAC OSX/Users/johnraymundniconi/github/FAQTravel/" local="3476399530" remote="318763443869296042" Dst="-1" /><file name="arrow-d-r-white.svg" server="MAC OSX/Users/johnraymundniconi/github/FAQTravel/" local="3476399530" remote="318763443869296042" Dst="-1" /><file name="arrow-d-white.svg" server="MAC OSX/Users/johnraymundniconi/github/FAQTravel/" local="3476399530" remote="318763443869296042" Dst="-1" /><file name="arrow-l-black.svg" server="MAC OSX/Users/johnraymundniconi/github/FAQTravel/" local="3476399530" remote="318763443869296042" Dst="-1" /><file name="arrow-l-white.svg" server="MAC OSX/Users/johnraymundniconi/github/FAQTravel/" local="3476399530" remote="318763443869296042" Dst="-1" /><file name="arrow-r-black.svg" server="MAC OSX/Users/johnraymundniconi/github/FAQTravel/" local="3476399530" remote="318763443869296042" Dst="-1" /><file name="arrow-r-white.svg" server="MAC OSX/Users/johnraymundniconi/github/FAQTravel/" local="3476399530" remote="318763443869296042" Dst="-1" /><file name="arrow-u-black.svg" server="MAC OSX/Users/johnraymundniconi/github/FAQTravel/" local="3476399530" remote="318763443869296042" Dst="-1" /><file name="arrow-u-l-black.svg" server="MAC OSX/Users/johnraymundniconi/github/FAQTravel/" local="3476399530" remote="318763443869296042" Dst="-1" /><file name="arrow-u-l-white.svg" server="MAC OSX/Users/johnraymundniconi/github/FAQTravel/" local="3476399530" remote="318763443869296042" Dst="-1" /><file name="arrow-u-r-black.svg" server="MAC OSX/Users/johnraymundniconi/github/FAQTravel/" local="3476399530" remote="318763443869296042" Dst="-1" /><file name="arrow-u-r-white.svg" server="MAC OSX/Users/johnraymundniconi/github/FAQTravel/" local="3476399530" remote="318763443869296042" Dst="-1" /><file name="arrow-u-white.svg" server="MAC OSX/Users/johnraymundniconi/github/FAQTravel/" local="3476399530" remote="318763443869296042" Dst="-1" /><file name="audio-black.svg" server="MAC OSX/Users/johnraymundniconi/github/FAQTravel/" local="3476399530" remote="318763443869296042" Dst="-1" /><file name="audio-white.svg" server="MAC OSX/Users/johnraymundniconi/github/FAQTravel/" local="3476399530" remote="318763443869296042" Dst="-1" /><file name="back-black.svg" server="MAC OSX/Users/johnraymundniconi/github/FAQTravel/" local="3476399530" remote="318763443869296042" Dst="-1" /><file name="back-white.svg" server="MAC OSX/Users/johnraymundniconi/github/FAQTravel/" local="3476399530" remote="318763443869296042" Dst="-1" /><file name="bars-black.svg" server="MAC OSX/Users/johnraymundniconi/github/FAQTravel/" local="3476399530" remote="318763443869296042" Dst="-1" /><file name="bars-white.svg" server="MAC OSX/Users/johnraymundniconi/github/FAQTravel/" local="3476399530" remote="318763443869296042" Dst="-1" /><file name="bullets-black.svg" server="MAC OSX/Users/johnraymundniconi/github/FAQTravel/" local="3476399530" remote="318763443869296042" Dst="-1" /><file name="bullets-white.svg" server="MAC OSX/Users/johnraymundniconi/github/FAQTravel/" local="3476399530" remote="318763443869296042" Dst="-1" /><file name="calendar-black.svg" server="MAC OSX/Users/johnraymundniconi/github/FAQTravel/" local="3476399530" remote="318763443869296042" Dst="-1" /><file name="calendar-white.svg" server="MAC OSX/Users/johnraymundniconi/github/FAQTravel/" local="3476399530" remote="318763443869296042" Dst="-1" /><file name="camera-black.svg" server="MAC OSX/Users/johnraymundniconi/github/FAQTravel/" local="3476399530" remote="318763443869296042" Dst="-1" /><file name="camera-white.svg" server="MAC OSX/Users/johnraymundniconi/github/FAQTravel/" local="3476399530" remote="318763443869296042" Dst="-1" /><file name="carat-d-black.svg" server="MAC OSX/Users/johnraymundniconi/github/FAQTravel/" local="3476399530" remote="318763443869296042" Dst="-1" /><file name="carat-d-white.svg" server="MAC OSX/Users/johnraymundniconi/github/FAQTravel/" local="3476399530" remote="318763443869296042" Dst="-1" /><file name="carat-l-black.svg" server="MAC OSX/Users/johnraymundniconi/github/FAQTravel/" local="3476399530" remote="318763443869296042" Dst="-1" /><file name="carat-l-white.svg" server="MAC OSX/Users/johnraymundniconi/github/FAQTravel/" local="3476399530" remote="318763443869296042" Dst="-1" /><file name="carat-r-black.svg" server="MAC OSX/Users/johnraymundniconi/github/FAQTravel/" local="3476399530" remote="318763443869296042" Dst="-1" /><file name="carat-r-white.svg" server="MAC OSX/Users/johnraymundniconi/github/FAQTravel/" local="3476399530" remote="318763443869296042" Dst="-1" /><file name="carat-u-black.svg" server="MAC OSX/Users/johnraymundniconi/github/FAQTravel/" local="3476399530" remote="318763443869296042" Dst="-1" /><file name="carat-u-white.svg" server="MAC OSX/Users/johnraymundniconi/github/FAQTravel/" local="3476399530" remote="318763443869296042" Dst="-1" /><file name="check-black.svg" server="MAC OSX/Users/johnraymundniconi/github/FAQTravel/" local="3476399530" remote="318763443869296042" Dst="-1" /><file name="check-white.svg" server="MAC OSX/Users/johnraymundniconi/github/FAQTravel/" local="3476399530" remote="318763443869296042" Dst="-1" /><file name="clock-black.svg" server="MAC OSX/Users/johnraymundniconi/github/FAQTravel/" local="3476399530" remote="318763443869296042" Dst="-1" /><file name="clock-white.svg" server="MAC OSX/Users/johnraymundniconi/github/FAQTravel/" local="3476399530" remote="318763443869296042" Dst="-1" /><file name="cloud-black.svg" server="MAC OSX/Users/johnraymundniconi/github/FAQTravel/" local="3476399530" remote="318763443869296042" Dst="-1" /><file name="cloud-white.svg" server="MAC OSX/Users/johnraymundniconi/github/FAQTravel/" local="3476399530" remote="318763443869296042" Dst="-1" /><file name="comment-black.svg" server="MAC OSX/Users/johnraymundniconi/github/FAQTravel/" local="3476399530" remote="318763443869296042" Dst="-1" /><file name="comment-white.svg" server="MAC OSX/Users/johnraymundniconi/github/FAQTravel/" local="3476399530" remote="318763443869296042" Dst="-1" /><file name="delete-black.svg" server="MAC OSX/Users/johnraymundniconi/github/FAQTravel/" local="3476399530" remote="318763443869296042" Dst="-1" /><file name="delete-white.svg" server="MAC OSX/Users/johnraymundniconi/github/FAQTravel/" local="3476399530" remote="318763443869296042" Dst="-1" /><file name="edit-black.svg" server="MAC OSX/Users/johnraymundniconi/github/FAQTravel/" local="3476399530" remote="318763443869296042" Dst="-1" /><file name="edit-white.svg" server="MAC OSX/Users/johnraymundniconi/github/FAQTravel/" local="3476399530" remote="318763443869296042" Dst="-1" /><file name="eye-black.svg" server="MAC OSX/Users/johnraymundniconi/github/FAQTravel/" local="3476399530" remote="318763443869296042" Dst="-1" /><file name="eye-white.svg" server="MAC OSX/Users/johnraymundniconi/github/FAQTravel/" local="3476399530" remote="318763443869296042" Dst="-1" /><file name="forbidden-black.svg" server="MAC OSX/Users/johnraymundniconi/github/FAQTravel/" local="3476399530" remote="318763443869296042" Dst="-1" /><file name="forbidden-white.svg" server="MAC OSX/Users/johnraymundniconi/github/FAQTravel/" local="3476399530" remote="318763443869296042" Dst="-1" /><file name="forward-black.svg" server="MAC OSX/Users/johnraymundniconi/github/FAQTravel/" local="3476399530" remote="318763443869296042" Dst="-1" /><file name="forward-white.svg" server="MAC OSX/Users/johnraymundniconi/github/FAQTravel/" local="3476399530" remote="318763443869296042" Dst="-1" /><file name="gear-black.svg" server="MAC OSX/Users/johnraymundniconi/github/FAQTravel/" local="3476399530" remote="318763443869296042" Dst="-1" /><file name="gear-white.svg" server="MAC OSX/Users/johnraymundniconi/github/FAQTravel/" local="3476399530" remote="318763443869296042" Dst="-1" /><file name="grid-black.svg" server="MAC OSX/Users/johnraymundniconi/github/FAQTravel/" local="3476399530" remote="318763443869296042" Dst="-1" /><file name="grid-white.svg" server="MAC OSX/Users/johnraymundniconi/github/FAQTravel/" local="3476399530" remote="318763443869296042" Dst="-1" /><file name="heart-black.svg" server="MAC OSX/Users/johnraymundniconi/github/FAQTravel/" local="3476399530" remote="318763443869296042" Dst="-1" /><file name="heart-white.svg" server="MAC OSX/Users/johnraymundniconi/github/FAQTravel/" local="3476399530" remote="318763443869296042" Dst="-1" /><file name="home-black.svg" server="MAC OSX/Users/johnraymundniconi/github/FAQTravel/" local="3476399530" remote="318763443869296042" Dst="-1" /><file name="home-white.svg" server="MAC OSX/Users/johnraymundniconi/github/FAQTravel/" local="3476399530" remote="318763443869296042" Dst="-1" /><file name="info-black.svg" server="MAC OSX/Users/johnraymundniconi/github/FAQTravel/" local="3476399530" remote="318763443869296042" Dst="-1" /><file name="info-white.svg" server="MAC OSX/Users/johnraymundniconi/github/FAQTravel/" local="3476399530" remote="318763443869296042" Dst="-1" /><file name="location-black.svg" server="MAC OSX/Users/johnraymundniconi/github/FAQTravel/" local="3476399530" remote="318763443869296042" Dst="-1" /><file name="location-white.svg" server="MAC OSX/Users/johnraymundniconi/github/FAQTravel/" local="3476399530" remote="318763443869296042" Dst="-1" /><file name="lock-black.svg" server="MAC OSX/Users/johnraymundniconi/github/FAQTravel/" local="3476399530" remote="318763443869296042" Dst="-1" /><file name="lock-white.svg" server="MAC OSX/Users/johnraymundniconi/github/FAQTravel/" local="3476399530" remote="318763443869296042" Dst="-1" /><file name="mail-black.svg" server="MAC OSX/Users/johnraymundniconi/github/FAQTravel/" local="3476399530" remote="318763443869296042" Dst="-1" /><file name="mail-white.svg" server="MAC OSX/Users/johnraymundniconi/github/FAQTravel/" local="3476399530" remote="318763443869296042" Dst="-1" /><file name="minus-black.svg" server="MAC OSX/Users/johnraymundniconi/github/FAQTravel/" local="3476399530" remote="318763443869296042" Dst="-1" /><file name="minus-white.svg" server="MAC OSX/Users/johnraymundniconi/github/FAQTravel/" local="3476399530" remote="318763443869296042" Dst="-1" /><file name="navigation-black.svg" server="MAC OSX/Users/johnraymundniconi/github/FAQTravel/" local="3476399530" remote="318763443869296042" Dst="-1" /><file name="navigation-white.svg" server="MAC OSX/Users/johnraymundniconi/github/FAQTravel/" local="3476399530" remote="318763443869296042" Dst="-1" /><file name="phone-black.svg" server="MAC OSX/Users/johnraymundniconi/github/FAQTravel/" local="3476399530" remote="318763443869296042" Dst="-1" /><file name="phone-white.svg" server="MAC OSX/Users/johnraymundniconi/github/FAQTravel/" local="3476399530" remote="318763443869296042" Dst="-1" /><file name="plus-black.svg" server="MAC OSX/Users/johnraymundniconi/github/FAQTravel/" local="3476399530" remote="318763443869296042" Dst="-1" /><file name="plus-white.svg" server="MAC OSX/Users/johnraymundniconi/github/FAQTravel/" local="3476399530" remote="318763443869296042" Dst="-1" /><file name="power-black.svg" server="MAC OSX/Users/johnraymundniconi/github/FAQTravel/" local="3476399530" remote="318763443869296042" Dst="-1" /><file name="power-white.svg" server="MAC OSX/Users/johnraymundniconi/github/FAQTravel/" local="3476399530" remote="318763443869296042" Dst="-1" /><file name="recycle-black.svg" server="MAC OSX/Users/johnraymundniconi/github/FAQTravel/" local="3476399530" remote="318763443869296042" Dst="-1" /><file name="recycle-white.svg" server="MAC OSX/Users/johnraymundniconi/github/FAQTravel/" local="3476399530" remote="318763443869296042" Dst="-1" /><file name="refresh-black.svg" server="MAC OSX/Users/johnraymundniconi/github/FAQTravel/" local="3476399530" remote="318763443869296042" Dst="-1" /><file name="refresh-white.svg" server="MAC OSX/Users/johnraymundniconi/github/FAQTravel/" local="3476399530" remote="318763443869296042" Dst="-1" /><file name="search-black.svg" server="MAC OSX/Users/johnraymundniconi/github/FAQTravel/" local="3476399530" remote="318763443869296042" Dst="-1" /><file name="search-white.svg" server="MAC OSX/Users/johnraymundniconi/github/FAQTravel/" local="3476399530" remote="318763443869296042" Dst="-1" /><file name="shop-black.svg" server="MAC OSX/Users/johnraymundniconi/github/FAQTravel/" local="3476399530" remote="318763443869296042" Dst="-1" /><file name="shop-white.svg" server="MAC OSX/Users/johnraymundniconi/github/FAQTravel/" local="3476399530" remote="318763443869296042" Dst="-1" /><file name="star-black.svg" server="MAC OSX/Users/johnraymundniconi/github/FAQTravel/" local="3476399530" remote="318763443869296042" Dst="-1" /><file name="star-white.svg" server="MAC OSX/Users/johnraymundniconi/github/FAQTravel/" local="3476399530" remote="318763443869296042" Dst="-1" /><file name="tag-black.svg" server="MAC OSX/Users/johnraymundniconi/github/FAQTravel/" local="3476399530" remote="318763443869296042" Dst="-1" /><file name="tag-white.svg" server="MAC OSX/Users/johnraymundniconi/github/FAQTravel/" local="3476399530" remote="318763443869296042" Dst="-1" /><file name="user-black.svg" server="MAC OSX/Users/johnraymundniconi/github/FAQTravel/" local="3476399530" remote="318763443869296042" Dst="-1" /><file name="user-white.svg" server="MAC OSX/Users/johnraymundniconi/github/FAQTravel/" local="3476399530" remote="318763443869296042" Dst="-1" /><file name="video-black.svg" server="MAC OSX/Users/johnraymundniconi/github/FAQTravel/" local="3476399530" remote="318763443869296042" Dst="-1" /><file name="video-white.svg" server="MAC OSX/Users/johnraymundniconi/github/FAQTravel/" local="3476399530" remote="318763443869296042" Dst="-1" /></dwsync>