<?xml version="1.0" encoding="utf-8" ?><dwsync><file name=".DS_Store" server="MAC OSX/Users/johnraymundniconi/github/FAQTravel/" local="3542706020" remote="318763443935602532" Dst="-1" /><file name="config.js" server="MAC OSX/Users/johnraymundniconi/github/FAQTravel/" local="3543297332" remote="318763443936193844" Dst="-1" /><file name="geocoding.js" server="MAC OSX/Users/johnraymundniconi/github/FAQTravel/" local="3543143915" remote="318763443936040427" Dst="-1" /><file name="index.js" server="MAC OSX/Users/johnraymundniconi/github/FAQTravel/" local="3543145626" remote="318763443936042138" Dst="-1" /><file name="local_store.js" server="MAC OSX/Users/johnraymundniconi/github/FAQTravel/" local="3543143922" remote="318763443936040434" Dst="-1" /><file name="remote_store.js" server="MAC OSX/Users/johnraymundniconi/github/FAQTravel/" local="3543143926" remote="318763443936040438" Dst="-1" /><file name="sidemenu.js" server="MAC OSX/Users/johnraymundniconi/github/FAQTravel/" local="3543154986" remote="318763443936051498" Dst="-1" /><file name="ui - Copy.js" server="MAC OSX/Users/johnraymundniconi/github/FAQTravel/" local="3542849078" remote="318763443935745590" Dst="-1" /><file name="ui-BAK.js" server="MAC OSX/Users/johnraymundniconi/github/FAQTravel/" local="3542699004" remote="318763443935595516" Dst="-1" /><file name="ui-rom.js" server="MAC OSX/Users/johnraymundniconi/github/FAQTravel/" local="3542877652" remote="318763443935774164" Dst="-1" /><file name="ui.js" server="MAC OSX/Users/johnraymundniconi/github/FAQTravel/" local="3543197030" remote="318763443936093542" Dst="-1" /><file name="utils.js" server="MAC OSX/Users/johnraymundniconi/github/FAQTravel/" local="3543143944" remote="318763443936040456" Dst="-1" /></dwsync>