<?xml version="1.0" encoding="utf-8" ?><dwsync><file name="album-af.jpg" server="MAC OSX/Users/johnraymundniconi/github/FAQTravel/" local="3476399530" remote="318763443869296042" Dst="-1" /><file name="album-ag.jpg" server="MAC OSX/Users/johnraymundniconi/github/FAQTravel/" local="3476399530" remote="318763443869296042" Dst="-1" /><file name="album-bb.jpg" server="MAC OSX/Users/johnraymundniconi/github/FAQTravel/" local="3476399530" remote="318763443869296042" Dst="-1" /><file name="album-bk.jpg" server="MAC OSX/Users/johnraymundniconi/github/FAQTravel/" local="3476399530" remote="318763443869296042" Dst="-1" /><file name="album-hc.jpg" server="MAC OSX/Users/johnraymundniconi/github/FAQTravel/" local="3476399530" remote="318763443869296042" Dst="-1" /><file name="album-k.jpg" server="MAC OSX/Users/johnraymundniconi/github/FAQTravel/" local="3476399530" remote="318763443869296042" Dst="-1" /><file name="album-mg.jpg" server="MAC OSX/Users/johnraymundniconi/github/FAQTravel/" local="3476399530" remote="318763443869296042" Dst="-1" /><file name="album-ok.jpg" server="MAC OSX/Users/johnraymundniconi/github/FAQTravel/" local="3476399530" remote="318763443869296042" Dst="-1" /><file name="album-p.jpg" server="MAC OSX/Users/johnraymundniconi/github/FAQTravel/" local="3476399530" remote="318763443869296042" Dst="-1" /><file name="album-rh.jpg" server="MAC OSX/Users/johnraymundniconi/github/FAQTravel/" local="3476399530" remote="318763443869296042" Dst="-1" /><file name="album-ws.jpg" server="MAC OSX/Users/johnraymundniconi/github/FAQTravel/" local="3476399530" remote="318763443869296042" Dst="-1" /><file name="album-xx.jpg" server="MAC OSX/Users/johnraymundniconi/github/FAQTravel/" local="3476399530" remote="318763443869296042" Dst="-1" /><file name="apple.png" server="MAC OSX/Users/johnraymundniconi/github/FAQTravel/" local="3476399530" remote="318763443869296042" Dst="-1" /><file name="bg-pattern.png" server="MAC OSX/Users/johnraymundniconi/github/FAQTravel/" local="3476399530" remote="318763443869296042" Dst="-1" /><file name="bike.jpg" server="MAC OSX/Users/johnraymundniconi/github/FAQTravel/" local="3476399530" remote="318763443869296042" Dst="-1" /><file name="blackberry_10.png" server="MAC OSX/Users/johnraymundniconi/github/FAQTravel/" local="3476399530" remote="318763443869296042" Dst="-1" /><file name="bmw-thumb.jpg" server="MAC OSX/Users/johnraymundniconi/github/FAQTravel/" local="3476399530" remote="318763443869296042" Dst="-1" /><file name="bmw.jpg" server="MAC OSX/Users/johnraymundniconi/github/FAQTravel/" local="3476399530" remote="318763443869296042" Dst="-1" /><file name="buenosaires.jpg" server="MAC OSX/Users/johnraymundniconi/github/FAQTravel/" local="3476399530" remote="318763443869296042" Dst="-1" /><file name="capetown.jpg" server="MAC OSX/Users/johnraymundniconi/github/FAQTravel/" local="3476399530" remote="318763443869296042" Dst="-1" /><file name="de.png" server="MAC OSX/Users/johnraymundniconi/github/FAQTravel/" local="3476399530" remote="318763443869296042" Dst="-1" /><file name="devices.png" server="MAC OSX/Users/johnraymundniconi/github/FAQTravel/" local="3476399530" remote="318763443869296042" Dst="-1" /><file name="fi.png" server="MAC OSX/Users/johnraymundniconi/github/FAQTravel/" local="3476399530" remote="318763443869296042" Dst="-1" /><file name="firefox-logo.png" server="MAC OSX/Users/johnraymundniconi/github/FAQTravel/" local="3476399530" remote="318763443869296042" Dst="-1" /><file name="firefox_os.png" server="MAC OSX/Users/johnraymundniconi/github/FAQTravel/" local="3476399530" remote="318763443869296042" Dst="-1" /><file name="galaxy_express.png" server="MAC OSX/Users/johnraymundniconi/github/FAQTravel/" local="3476399530" remote="318763443869296042" Dst="-1" /><file name="gb.png" server="MAC OSX/Users/johnraymundniconi/github/FAQTravel/" local="3476399530" remote="318763443869296042" Dst="-1" /><file name="gf.png" server="MAC OSX/Users/johnraymundniconi/github/FAQTravel/" local="3476399530" remote="318763443869296042" Dst="-1" /><file name="jquery-logo.png" server="MAC OSX/Users/johnraymundniconi/github/FAQTravel/" local="3476399530" remote="318763443869296042" Dst="-1" /><file name="landrover-thumb.jpg" server="MAC OSX/Users/johnraymundniconi/github/FAQTravel/" local="3476399530" remote="318763443869296042" Dst="-1" /><file name="landrover.jpg" server="MAC OSX/Users/johnraymundniconi/github/FAQTravel/" local="3476399530" remote="318763443869296042" Dst="-1" /><file name="lumia_800.png" server="MAC OSX/Users/johnraymundniconi/github/FAQTravel/" local="3476399530" remote="318763443869296042" Dst="-1" /><file name="newyork.jpg" server="MAC OSX/Users/johnraymundniconi/github/FAQTravel/" local="3476399530" remote="318763443869296042" Dst="-1" /><file name="nexus_7.png" server="MAC OSX/Users/johnraymundniconi/github/FAQTravel/" local="3476399530" remote="318763443869296042" Dst="-1" /><file name="paris.jpg" server="MAC OSX/Users/johnraymundniconi/github/FAQTravel/" local="3476399530" remote="318763443869296042" Dst="-1" /><file name="phone_galaxy3.png" server="MAC OSX/Users/johnraymundniconi/github/FAQTravel/" local="3476399530" remote="318763443869296042" Dst="-1" /><file name="phone_iphone5.png" server="MAC OSX/Users/johnraymundniconi/github/FAQTravel/" local="3476399530" remote="318763443869296042" Dst="-1" /><file name="phone_lumia920.png" server="MAC OSX/Users/johnraymundniconi/github/FAQTravel/" local="3476399530" remote="318763443869296042" Dst="-1" /><file name="phone_onex.png" server="MAC OSX/Users/johnraymundniconi/github/FAQTravel/" local="3476399530" remote="318763443869296042" Dst="-1" /><file name="photo-landscape.jpg" server="MAC OSX/Users/johnraymundniconi/github/FAQTravel/" local="3476399530" remote="318763443869296042" Dst="-1" /><file name="photo-portrait.jpg" server="MAC OSX/Users/johnraymundniconi/github/FAQTravel/" local="3476399530" remote="318763443869296042" Dst="-1" /><file name="photo-run.jpeg" server="MAC OSX/Users/johnraymundniconi/github/FAQTravel/" local="3476399530" remote="318763443869296042" Dst="-1" /><file name="seoul.jpg" server="MAC OSX/Users/johnraymundniconi/github/FAQTravel/" local="3476399530" remote="318763443869296042" Dst="-1" /><file name="sydney.jpg" server="MAC OSX/Users/johnraymundniconi/github/FAQTravel/" local="3476399530" remote="318763443869296042" Dst="-1" /><file name="tesla-thumb.jpg" server="MAC OSX/Users/johnraymundniconi/github/FAQTravel/" local="3476399530" remote="318763443869296042" Dst="-1" /><file name="tesla.jpg" server="MAC OSX/Users/johnraymundniconi/github/FAQTravel/" local="3476399530" remote="318763443869296042" Dst="-1" /><file name="tizen.png" server="MAC OSX/Users/johnraymundniconi/github/FAQTravel/" local="3476399530" remote="318763443869296042" Dst="-1" /><file name="us.png" server="MAC OSX/Users/johnraymundniconi/github/FAQTravel/" local="3476399530" remote="318763443869296042" Dst="-1" /></dwsync>